Strategy,Key,ExitTime,Symbol,EntryPrice,ExitPrice,Quantity,PositionStatus,Pnl,ExitType
MCX_Copper_5m_CCI_ADX_MFI_V28,2023-05-23 09:34:00,2023-05-23 15:58:00,MCX COPPER,720.1,714.85,7500,-1,39375.0,StopLoss
MCX_Copper_5m_CCI_ADX_MFI_V28,2023-05-25 09:40:00,2023-05-25 11:56:00,MCX COPPER,701.05,699.8,7500,-1,9375.0,StopLoss
MCX_Copper_5m_CCI_ADX_MFI_V28,2023-05-25 20:33:00,2023-05-25 23:19:00,MCX COPPER,706.0,704.5,7500,1,-11250.0,TimeExit
MCX_Copper_5m_CCI_ADX_MFI_V28,2023-05-26 12:49:00,2023-05-26 20:53:00,MCX COPPER,710.7,711.95,7500,1,9375.0,StopLoss
MCX_Copper_5m_CCI_ADX_MFI_V28,2023-05-29 17:50:00,2023-05-29 23:04:00,MCX COPPER,717.0,715.0,7500,1,-15000.0,TimeExit
MCX_Copper_5m_CCI_ADX_MFI_V28,2023-05-31 11:15:00,2023-05-31 23:04:00,MCX COPPER,708.6,711.0,7500,-1,-18000.0,TimeExit
MCX_Copper_5m_CCI_ADX_MFI_V28,2023-06-01 09:37:00,2023-06-01 17:33:00,MCX COPPER,713.5,717.75,7500,1,31875.0,StopLoss
MCX_Copper_5m_CCI_ADX_MFI_V28,2023-06-02 21:57:00,2023-06-02 23:08:00,MCX COPPER,718.8,718.25,7500,-1,4125.0,TimeExit
MCX_Copper_5m_CCI_ADX_MFI_V28,2023-06-05 09:44:00,2023-06-05 11:17:00,MCX COPPER,716.0,715.75,7500,-1,1875.0,StopLoss
MCX_Copper_5m_CCI_ADX_MFI_V28,2023-06-05 18:05:00,2023-06-05 23:14:00,MCX COPPER,720.8,724.3,7500,1,26250.0,TimeExit
MCX_Copper_5m_CCI_ADX_MFI_V28,2023-06-06 10:51:00,2023-06-06 12:30:00,MCX COPPER,727.0,723.0,7500,1,-30000.0,StopLoss
MCX_Copper_5m_CCI_ADX_MFI_V28,2023-06-07 10:36:00,2023-06-07 16:26:00,MCX COPPER,725.05,728.3,7500,1,24375.0,StopLoss
MCX_Copper_5m_CCI_ADX_MFI_V28,2023-06-08 09:35:00,2023-06-08 12:39:00,MCX COPPER,722.5,726.5,7500,-1,-30000.0,StopLoss
MCX_Copper_5m_CCI_ADX_MFI_V28,2023-06-08 17:40:00,2023-06-08 19:37:00,MCX COPPER,722.5,726.5,7500,-1,-30000.0,StopLoss
MCX_Copper_5m_CCI_ADX_MFI_V28,2023-06-09 12:20:00,2023-06-09 14:42:00,MCX COPPER,727.1,728.35,7500,1,9375.0,StopLoss
MCX_Copper_5m_CCI_ADX_MFI_V28,2023-06-12 13:25:00,2023-06-12 23:01:00,MCX COPPER,721.25,720.5,7500,-1,5625.0,TimeExit
MCX_Copper_5m_CCI_ADX_MFI_V28,2023-06-14 10:52:00,2023-06-14 23:04:00,MCX COPPER,731.0,733.2,7500,1,16500.0,TimeExit
MCX_Copper_5m_CCI_ADX_MFI_V28,2023-06-15 19:10:00,2023-06-15 23:02:00,MCX COPPER,736.7,737.45,7500,1,5625.0,TimeExit
MCX_Copper_5m_CCI_ADX_MFI_V28,2023-06-16 11:38:00,2023-06-16 23:01:00,MCX COPPER,740.0,737.75,7500,1,-16875.0,TimeExit
MCX_Copper_5m_CCI_ADX_MFI_V28,2023-06-21 09:41:00,2023-06-21 16:18:00,MCX COPPER,737.0,733.0,7500,1,-30000.0,StopLoss
MCX_Copper_5m_CCI_ADX_MFI_V28,2023-06-21 17:50:00,2023-06-21 19:01:00,MCX COPPER,730.7,734.7,7500,-1,-30000.0,StopLoss
MCX_Copper_5m_CCI_ADX_MFI_V28,2023-06-22 09:31:00,2023-06-22 13:32:00,MCX COPPER,736.45,740.45,7500,-1,-30000.0,StopLoss
MCX_Copper_5m_CCI_ADX_MFI_V28,2023-06-23 10:55:00,2023-06-23 12:54:00,MCX COPPER,730.25,726.25,7500,1,-30000.0,StopLoss
MCX_Copper_5m_CCI_ADX_MFI_V28,2023-06-26 12:05:00,2023-06-26 13:19:00,MCX COPPER,718.5,718.25,7500,-1,1875.0,StopLoss
MCX_Copper_5m_CCI_ADX_MFI_V28,2023-06-27 11:55:00,2023-06-27 14:40:00,MCX COPPER,722.4,718.4,7500,1,-30000.0,StopLoss
MCX_Copper_5m_CCI_ADX_MFI_V28,2023-06-28 17:51:00,2023-06-28 20:36:00,MCX COPPER,711.8,710.55,7500,-1,9375.0,StopLoss
MCX_Copper_5m_CCI_ADX_MFI_V28,2023-06-29 20:05:00,2023-06-29 23:00:00,MCX COPPER,704.9,704.5,7500,1,-3000.0,TimeExit
MCX_Copper_5m_CCI_ADX_MFI_V28,2023-06-30 19:10:00,2023-06-30 23:00:00,MCX COPPER,710.9,713.75,7500,1,21375.0,TimeExit
MCX_Copper_5m_CCI_ADX_MFI_V28,2023-07-03 09:30:00,2023-07-03 23:00:00,MCX COPPER,717.15,717.0,7500,1,-1125.0,TimeExit
MCX_Copper_5m_CCI_ADX_MFI_V28,2023-07-04 11:20:00,2023-07-04 23:01:00,MCX COPPER,716.05,717.1,7500,-1,-7875.0,TimeExit
MCX_Copper_5m_CCI_ADX_MFI_V28,2023-07-05 09:25:00,2023-07-05 14:51:00,MCX COPPER,715.65,713.4,7500,-1,16875.0,StopLoss
MCX_Copper_5m_CCI_ADX_MFI_V28,2023-07-05 16:25:00,2023-07-05 18:47:00,MCX COPPER,712.3,716.3,7500,-1,-30000.0,StopLoss
MCX_Copper_5m_CCI_ADX_MFI_V28,2023-07-05 22:06:00,2023-07-05 23:00:00,MCX COPPER,717.05,717.0,7500,1,-375.0,TimeExit
MCX_Copper_5m_CCI_ADX_MFI_V28,2023-07-07 09:55:00,2023-07-07 16:10:00,MCX COPPER,716.2,718.45,7500,1,16875.0,StopLoss
MCX_Copper_5m_CCI_ADX_MFI_V28,2023-07-10 22:15:00,2023-07-10 23:00:00,MCX COPPER,721.75,722.55,7500,1,6000.0,TimeExit
MCX_Copper_5m_CCI_ADX_MFI_V28,2023-07-11 10:50:00,2023-07-11 17:41:00,MCX COPPER,725.5,721.5,7500,1,-30000.0,StopLoss
MCX_Copper_5m_CCI_ADX_MFI_V28,2023-07-12 17:55:00,2023-07-12 23:00:00,MCX COPPER,722.95,728.2,7500,1,39375.0,TimeExit
MCX_Copper_5m_CCI_ADX_MFI_V28,2023-07-14 10:30:00,2023-07-14 13:00:00,MCX COPPER,740.3,736.3,7500,1,-30000.0,StopLoss
MCX_Copper_5m_CCI_ADX_MFI_V28,2023-07-17 16:55:00,2023-07-17 23:00:00,MCX COPPER,726.0,726.2,7500,1,1500.0,TimeExit
MCX_Copper_5m_CCI_ADX_MFI_V28,2023-07-18 12:00:00,2023-07-18 13:42:00,MCX COPPER,725.6,724.35,7500,-1,9375.0,StopLoss
MCX_Copper_5m_CCI_ADX_MFI_V28,2023-07-20 16:10:00,2023-07-20 18:48:00,MCX COPPER,732.3,736.55,7500,1,31875.0,StopLoss
MCX_Copper_5m_CCI_ADX_MFI_V28,2023-07-21 10:35:00,2023-07-21 12:57:00,MCX COPPER,731.6,732.85,7500,1,9375.0,StopLoss
MCX_Copper_5m_CCI_ADX_MFI_V28,2023-07-25 13:47:00,2023-07-25 17:04:00,MCX COPPER,731.7,734.95,7500,1,24375.0,StopLoss
MCX_Copper_5m_CCI_ADX_MFI_V28,2023-07-27 13:20:00,2023-07-27 16:18:00,MCX COPPER,743.1,739.1,7500,1,-30000.0,StopLoss
MCX_Copper_5m_CCI_ADX_MFI_V28,2023-07-27 19:25:00,2023-07-27 23:01:00,MCX COPPER,735.0,735.7,7500,-1,-5250.0,TimeExit
MCX_Copper_5m_CCI_ADX_MFI_V28,2023-07-28 19:55:00,2023-07-28 23:00:00,MCX COPPER,742.25,743.75,7500,1,11250.0,TimeExit
MCX_Copper_5m_CCI_ADX_MFI_V28,2023-07-31 16:20:00,2023-07-31 17:45:00,MCX COPPER,745.6,749.6,7500,-1,-30000.0,StopLoss
MCX_Copper_5m_CCI_ADX_MFI_V28,2023-07-31 19:55:00,2023-07-31 23:00:00,MCX COPPER,752.5,755.5,7500,1,22500.0,TimeExit
MCX_Copper_5m_CCI_ADX_MFI_V28,2023-08-01 12:55:00,2023-08-01 16:13:00,MCX COPPER,754.8,753.55,7500,-1,9375.0,StopLoss
MCX_Copper_5m_CCI_ADX_MFI_V28,2023-08-02 20:35:00,2023-08-02 23:00:00,MCX COPPER,737.25,737.25,7500,-1,-0.0,TimeExit
MCX_Copper_5m_CCI_ADX_MFI_V28,2023-08-03 13:10:00,2023-08-03 18:23:00,MCX COPPER,734.35,738.35,7500,-1,-30000.0,StopLoss
MCX_Copper_5m_CCI_ADX_MFI_V28,2023-08-03 21:25:00,2023-08-03 23:00:00,MCX COPPER,743.8,745.9,7500,1,15750.0,TimeExit
MCX_Copper_5m_CCI_ADX_MFI_V28,2023-08-04 16:50:00,2023-08-04 18:03:00,MCX COPPER,738.8,738.55,7500,-1,1875.0,StopLoss
MCX_Copper_5m_CCI_ADX_MFI_V28,2023-08-07 10:57:00,2023-08-07 13:22:00,MCX COPPER,737.2,741.2,7500,-1,-30000.0,StopLoss
MCX_Copper_5m_CCI_ADX_MFI_V28,2023-08-07 22:45:00,2023-08-07 23:00:00,MCX COPPER,737.3,737.45,7500,1,1125.0,TimeExit
MCX_Copper_5m_CCI_ADX_MFI_V28,2023-08-08 14:15:00,2023-08-08 17:11:00,MCX COPPER,728.5,728.25,7500,-1,1875.0,StopLoss
MCX_Copper_5m_CCI_ADX_MFI_V28,2023-08-08 20:35:00,2023-08-08 23:00:00,MCX COPPER,728.95,729.75,7500,1,6000.0,TimeExit
MCX_Copper_5m_CCI_ADX_MFI_V28,2023-08-11 13:06:00,2023-08-11 19:46:00,MCX COPPER,725.3,725.05,7500,-1,1875.0,StopLoss
MCX_Copper_5m_CCI_ADX_MFI_V28,2023-08-14 11:40:00,2023-08-14 13:43:00,MCX COPPER,722.9,726.15,7500,1,24375.0,StopLoss
MCX_Copper_5m_CCI_ADX_MFI_V28,2023-08-16 11:25:00,2023-08-16 16:18:00,MCX COPPER,722.1,722.35,7500,1,1875.0,StopLoss
MCX_Copper_5m_CCI_ADX_MFI_V28,2023-08-17 11:40:00,2023-08-17 16:42:00,MCX COPPER,720.3,724.3,7500,-1,-30000.0,StopLoss
MCX_Copper_5m_CCI_ADX_MFI_V28,2023-08-18 11:00:00,2023-08-18 12:45:00,MCX COPPER,724.0,723.75,7500,-1,1875.0,StopLoss
MCX_Copper_5m_CCI_ADX_MFI_V28,2023-08-22 09:45:00,2023-08-22 17:52:00,MCX COPPER,728.85,732.1,7500,1,24375.0,StopLoss
MCX_Copper_5m_CCI_ADX_MFI_V28,2023-08-23 10:35:00,2023-08-23 13:07:00,MCX COPPER,734.9,735.15,7500,1,1875.0,StopLoss
MCX_Copper_5m_CCI_ADX_MFI_V28,2023-08-23 19:00:00,2023-08-23 20:41:00,MCX COPPER,735.25,739.25,7500,-1,-30000.0,StopLoss
MCX_Copper_5m_CCI_ADX_MFI_V28,2023-08-24 10:30:00,2023-08-24 15:52:00,MCX COPPER,736.7,734.45,7500,-1,16875.0,StopLoss
MCX_Copper_5m_CCI_ADX_MFI_V28,2023-08-28 17:35:00,2023-08-28 23:00:00,MCX COPPER,733.2,732.75,7500,1,-3375.0,TimeExit
MCX_Copper_5m_CCI_ADX_MFI_V28,2023-08-29 10:55:00,2023-08-29 23:00:00,MCX COPPER,734.65,736.9,7500,-1,-16875.0,TimeExit
MCX_Copper_5m_CCI_ADX_MFI_V28,2023-08-30 18:40:00,2023-08-30 23:00:00,MCX COPPER,738.2,738.0,7500,1,-1500.0,TimeExit
MCX_Copper_5m_CCI_ADX_MFI_V28,2023-08-31 11:20:00,2023-08-31 15:37:00,MCX COPPER,736.2,734.95,7500,-1,9375.0,StopLoss
MCX_Copper_5m_CCI_ADX_MFI_V28,2023-08-31 21:36:00,2023-08-31 23:00:00,MCX COPPER,735.3,735.65,7500,-1,-2625.0,TimeExit
MCX_Copper_5m_CCI_ADX_MFI_V28,2023-09-01 18:40:00,2023-09-01 20:01:00,MCX COPPER,745.8,741.8,7500,1,-30000.0,StopLoss
MCX_Copper_5m_CCI_ADX_MFI_V28,2023-09-05 13:40:00,2023-09-05 19:01:00,MCX COPPER,735.2,739.2,7500,-1,-30000.0,StopLoss
MCX_Copper_5m_CCI_ADX_MFI_V28,2023-09-06 14:00:00,2023-09-06 23:00:00,MCX COPPER,737.2,733.05,7500,-1,31125.0,TimeExit
MCX_Copper_5m_CCI_ADX_MFI_V28,2023-09-07 12:35:00,2023-09-07 13:30:00,MCX COPPER,732.6,728.6,7500,1,-30000.0,StopLoss
MCX_Copper_5m_CCI_ADX_MFI_V28,2023-09-07 13:55:00,2023-09-07 18:21:00,MCX COPPER,729.25,728.0,7500,-1,9375.0,StopLoss
MCX_Copper_5m_CCI_ADX_MFI_V28,2023-09-07 18:51:00,2023-09-07 23:00:00,MCX COPPER,727.45,728.5,7500,1,7875.0,TimeExit
MCX_Copper_5m_CCI_ADX_MFI_V28,2023-09-08 11:56:00,2023-09-08 14:51:00,MCX COPPER,726.3,722.3,7500,1,-30000.0,StopLoss
MCX_Copper_5m_CCI_ADX_MFI_V28,2023-09-11 11:25:00,2023-09-11 23:00:00,MCX COPPER,727.45,733.55,7500,1,45750.0,TimeExit
MCX_Copper_5m_CCI_ADX_MFI_V28,2023-09-12 13:30:00,2023-09-12 21:12:00,MCX COPPER,732.1,731.85,7500,-1,1875.0,StopLoss
MCX_Copper_5m_CCI_ADX_MFI_V28,2023-09-13 16:30:00,2023-09-13 23:00:00,MCX COPPER,732.8,732.7,7500,-1,750.0,TimeExit
MCX_Copper_5m_CCI_ADX_MFI_V28,2023-09-14 11:20:00,2023-09-14 14:07:00,MCX COPPER,734.55,734.8,7500,1,1875.0,StopLoss
MCX_Copper_5m_CCI_ADX_MFI_V28,2023-09-14 15:25:00,2023-09-14 16:33:00,MCX COPPER,734.25,738.25,7500,-1,-30000.0,StopLoss
MCX_Copper_5m_CCI_ADX_MFI_V28,2023-09-18 17:50:00,2023-09-18 23:00:00,MCX COPPER,734.5,731.55,7500,-1,22125.0,TimeExit
MCX_Copper_5m_CCI_ADX_MFI_V28,2023-09-19 17:40:00,2023-09-19 23:00:00,MCX COPPER,726.2,727.1,7500,-1,-6750.0,TimeExit
MCX_Copper_5m_CCI_ADX_MFI_V28,2023-09-20 13:30:00,2023-09-20 18:44:00,MCX COPPER,726.2,727.45,7500,1,9375.0,StopLoss
MCX_Copper_5m_CCI_ADX_MFI_V28,2023-09-20 18:56:00,2023-09-20 23:00:00,MCX COPPER,728.1,728.25,7500,-1,-1125.0,TimeExit
MCX_Copper_5m_CCI_ADX_MFI_V28,2023-09-21 11:40:00,2023-09-21 18:26:00,MCX COPPER,723.7,713.45,7500,-1,76875.0,StopLoss
MCX_Copper_5m_CCI_ADX_MFI_V28,2023-09-21 21:15:00,2023-09-21 23:00:00,MCX COPPER,717.3,718.35,7500,1,7875.0,TimeExit
MCX_Copper_5m_CCI_ADX_MFI_V28,2023-09-22 09:05:00,2023-09-22 11:11:00,MCX COPPER,718.7,714.7,7500,1,-30000.0,StopLoss
MCX_Copper_5m_CCI_ADX_MFI_V28,2023-09-22 11:35:00,2023-09-22 23:00:00,MCX COPPER,716.25,714.4,7500,-1,13875.0,TimeExit
MCX_Copper_5m_CCI_ADX_MFI_V28,2023-09-25 12:15:00,2023-09-25 15:08:00,MCX COPPER,716.45,714.2,7500,-1,16875.0,StopLoss
MCX_Copper_5m_CCI_ADX_MFI_V28,2023-09-25 18:45:00,2023-09-25 23:00:00,MCX COPPER,716.85,713.95,7500,1,-21750.0,TimeExit
MCX_Copper_5m_CCI_ADX_MFI_V28,2023-09-26 19:25:00,2023-09-26 23:00:00,MCX COPPER,712.55,712.5,7500,1,-375.0,TimeExit
MCX_Copper_5m_CCI_ADX_MFI_V28,2023-09-28 10:11:00,2023-09-28 12:35:00,MCX COPPER,708.15,712.15,7500,-1,-30000.0,StopLoss
MCX_Copper_5m_CCI_ADX_MFI_V28,2023-09-28 13:05:00,2023-09-28 17:08:00,MCX COPPER,713.3,715.55,7500,1,16875.0,StopLoss
MCX_Copper_5m_CCI_ADX_MFI_V28,2023-09-28 19:05:00,2023-09-28 21:17:00,MCX COPPER,718.4,718.65,7500,1,1875.0,StopLoss
MCX_Copper_5m_CCI_ADX_MFI_V28,2023-09-28 21:40:00,2023-09-28 23:00:00,MCX COPPER,719.7,719.55,7500,-1,1125.0,TimeExit
MCX_Copper_5m_CCI_ADX_MFI_V28,2023-09-29 19:00:00,2023-09-29 20:07:00,MCX COPPER,726.9,722.9,7500,1,-30000.0,StopLoss
MCX_Copper_5m_CCI_ADX_MFI_V28,2023-10-03 09:35:00,2023-10-03 13:09:00,MCX COPPER,704.35,701.1,7500,-1,24375.0,StopLoss
MCX_Copper_5m_CCI_ADX_MFI_V28,2023-10-03 13:10:00,2023-10-03 15:23:00,MCX COPPER,701.4,705.4,7500,-1,-30000.0,StopLoss
MCX_Copper_5m_CCI_ADX_MFI_V28,2023-10-03 15:50:00,2023-10-03 18:41:00,MCX COPPER,706.0,702.0,7500,1,-30000.0,StopLoss
MCX_Copper_5m_CCI_ADX_MFI_V28,2023-10-04 09:35:00,2023-10-04 12:53:00,MCX COPPER,700.9,699.65,7500,-1,9375.0,StopLoss
MCX_Copper_5m_CCI_ADX_MFI_V28,2023-10-05 22:55:00,2023-10-05 23:00:00,MCX COPPER,696.95,696.6,7500,-1,2625.0,TimeExit
MCX_Copper_5m_CCI_ADX_MFI_V28,2023-10-06 09:35:00,2023-10-06 13:40:00,MCX COPPER,698.1,701.35,7500,1,24375.0,StopLoss
MCX_Copper_5m_CCI_ADX_MFI_V28,2023-10-11 22:21:00,2023-10-11 23:00:00,MCX COPPER,703.5,703.1,7500,-1,3000.0,TimeExit
MCX_Copper_5m_CCI_ADX_MFI_V28,2023-10-13 13:20:00,2023-10-13 14:38:00,MCX COPPER,701.0,701.25,7500,1,1875.0,StopLoss
MCX_Copper_5m_CCI_ADX_MFI_V28,2023-10-13 16:15:00,2023-10-13 17:56:00,MCX COPPER,701.25,700.0,7500,-1,9375.0,StopLoss
MCX_Copper_5m_CCI_ADX_MFI_V28,2023-10-16 12:30:00,2023-10-16 23:00:00,MCX COPPER,701.6,700.5,7500,1,-8250.0,TimeExit
MCX_Copper_5m_CCI_ADX_MFI_V28,2023-10-17 10:50:00,2023-10-17 19:56:00,MCX COPPER,696.5,700.5,7500,-1,-30000.0,StopLoss
MCX_Copper_5m_CCI_ADX_MFI_V28,2023-10-18 09:05:00,2023-10-18 18:59:00,MCX COPPER,703.2,702.95,7500,-1,1875.0,StopLoss
MCX_Copper_5m_CCI_ADX_MFI_V28,2023-10-19 12:10:00,2023-10-19 14:21:00,MCX COPPER,698.9,700.15,7500,1,9375.0,StopLoss
MCX_Copper_5m_CCI_ADX_MFI_V28,2023-10-19 14:35:00,2023-10-19 22:28:00,MCX COPPER,700.7,700.45,7500,-1,1875.0,StopLoss
MCX_Copper_5m_CCI_ADX_MFI_V28,2023-10-23 15:35:00,2023-10-23 18:54:00,MCX COPPER,692.05,696.05,7500,-1,-30000.0,StopLoss
MCX_Copper_5m_CCI_ADX_MFI_V28,2023-10-25 09:05:00,2023-10-25 15:36:00,MCX COPPER,699.5,695.5,7500,1,-30000.0,StopLoss
MCX_Copper_5m_CCI_ADX_MFI_V28,2023-10-27 12:36:00,2023-10-27 20:34:00,MCX COPPER,703.25,706.5,7500,1,24375.0,StopLoss
MCX_Copper_5m_CCI_ADX_MFI_V28,2023-10-30 17:30:00,2023-10-30 21:50:00,MCX COPPER,712.2,708.2,7500,1,-30000.0,StopLoss
MCX_Copper_5m_CCI_ADX_MFI_V28,2023-11-02 12:00:00,2023-11-02 23:00:00,MCX COPPER,708.7,710.25,7500,-1,-11625.0,TimeExit
MCX_Copper_5m_CCI_ADX_MFI_V28,2023-11-03 11:35:00,2023-11-03 14:39:00,MCX COPPER,712.75,708.75,7500,1,-30000.0,StopLoss
MCX_Copper_5m_CCI_ADX_MFI_V28,2023-11-03 19:40:00,2023-11-03 23:00:00,MCX COPPER,711.0,710.0,7500,1,-7500.0,TimeExit
MCX_Copper_5m_CCI_ADX_MFI_V28,2023-11-06 12:57:00,2023-11-06 23:00:00,MCX COPPER,711.15,713.8,7500,-1,-19875.0,TimeExit
MCX_Copper_5m_CCI_ADX_MFI_V28,2023-11-07 14:40:00,2023-11-07 21:23:00,MCX COPPER,709.1,708.85,7500,-1,1875.0,StopLoss
MCX_Copper_5m_CCI_ADX_MFI_V28,2023-11-08 09:20:00,2023-11-08 14:52:00,MCX COPPER,709.7,710.95,7500,1,9375.0,StopLoss
MCX_Copper_5m_CCI_ADX_MFI_V28,2023-11-09 17:45:00,2023-11-09 23:00:00,MCX COPPER,703.6,705.7,7500,1,15750.0,TimeExit
MCX_Copper_5m_CCI_ADX_MFI_V28,2023-11-10 18:10:00,2023-11-10 20:29:00,MCX COPPER,701.65,697.65,7500,1,-30000.0,StopLoss
MCX_Copper_5m_CCI_ADX_MFI_V28,2023-11-13 09:52:00,2023-11-13 13:07:00,MCX COPPER,696.45,700.45,7500,-1,-30000.0,StopLoss
MCX_Copper_5m_CCI_ADX_MFI_V28,2023-11-14 21:10:00,2023-11-14 23:00:00,MCX COPPER,711.1,708.6,7500,1,-18750.0,TimeExit
MCX_Copper_5m_CCI_ADX_MFI_V28,2023-11-15 18:25:00,2023-11-15 23:00:00,MCX COPPER,711.4,712.45,7500,-1,-7875.0,TimeExit
MCX_Copper_5m_CCI_ADX_MFI_V28,2023-11-16 10:55:00,2023-11-16 17:42:00,MCX COPPER,709.9,711.15,7500,1,9375.0,StopLoss
MCX_Copper_5m_CCI_ADX_MFI_V28,2023-11-17 09:15:00,2023-11-17 23:00:00,MCX COPPER,708.8,711.45,7500,1,19875.0,TimeExit
MCX_Copper_5m_CCI_ADX_MFI_V28,2023-11-20 11:40:00,2023-11-20 21:03:00,MCX COPPER,713.55,717.55,7500,-1,-30000.0,StopLoss
MCX_Copper_5m_CCI_ADX_MFI_V28,2023-11-21 14:40:00,2023-11-21 23:06:00,MCX COPPER,717.55,717.0,7500,-1,4125.0,TimeExit
MCX_Copper_5m_CCI_ADX_MFI_V28,2023-11-22 11:15:00,2023-11-22 23:00:00,MCX COPPER,715.5,712.5,7500,-1,22500.0,TimeExit
MCX_Copper_5m_CCI_ADX_MFI_V28,2023-11-24 22:45:00,2023-11-24 23:00:00,MCX COPPER,714.8,715.25,7500,1,3375.0,TimeExit
MCX_Copper_5m_CCI_ADX_MFI_V28,2023-11-28 13:10:00,2023-11-28 19:15:00,MCX COPPER,716.7,720.7,7500,-1,-30000.0,StopLoss
MCX_Copper_5m_CCI_ADX_MFI_V28,2023-11-28 21:35:00,2023-11-28 23:00:00,MCX COPPER,722.1,722.2,7500,1,750.0,TimeExit
MCX_Copper_5m_CCI_ADX_MFI_V28,2023-12-05 09:25:00,2023-12-05 18:52:00,MCX COPPER,719.7,715.45,7500,-1,31875.0,StopLoss
MCX_Copper_5m_CCI_ADX_MFI_V28,2023-12-05 21:30:00,2023-12-05 23:01:00,MCX COPPER,714.3,713.05,7500,-1,9375.0,TimeExit
MCX_Copper_5m_CCI_ADX_MFI_V28,2023-12-07 11:20:00,2023-12-07 20:15:00,MCX COPPER,710.3,712.55,7500,1,16875.0,StopLoss
MCX_Copper_5m_CCI_ADX_MFI_V28,2023-12-08 11:40:00,2023-12-08 14:34:00,MCX COPPER,716.4,720.4,7500,-1,-30000.0,StopLoss
MCX_Copper_5m_CCI_ADX_MFI_V28,2023-12-08 15:05:00,2023-12-08 19:53:00,MCX COPPER,720.5,720.75,7500,1,1875.0,StopLoss
MCX_Copper_5m_CCI_ADX_MFI_V28,2023-12-11 09:35:00,2023-12-11 23:00:00,MCX COPPER,717.7,713.75,7500,-1,29625.0,TimeExit
MCX_Copper_5m_CCI_ADX_MFI_V28,2023-12-12 18:45:00,2023-12-12 23:01:00,MCX COPPER,716.0,714.8,7500,1,-9000.0,TimeExit
MCX_Copper_5m_CCI_ADX_MFI_V28,2023-12-13 14:52:00,2023-12-13 23:02:00,MCX COPPER,711.4,714.0,7500,-1,-19500.0,TimeExit
MCX_Copper_5m_CCI_ADX_MFI_V28,2023-12-15 13:45:00,2023-12-15 19:06:00,MCX COPPER,728.65,724.65,7500,1,-30000.0,StopLoss
MCX_Copper_5m_CCI_ADX_MFI_V28,2023-12-18 12:50:00,2023-12-18 13:46:00,MCX COPPER,724.15,723.9,7500,-1,1875.0,StopLoss
MCX_Copper_5m_CCI_ADX_MFI_V28,2023-12-18 21:20:00,2023-12-18 23:00:00,MCX COPPER,722.8,721.45,7500,1,-10125.0,TimeExit
MCX_Copper_5m_CCI_ADX_MFI_V28,2023-12-19 23:00:00,2023-12-19 23:00:00,MCX COPPER,727.0,727.0,7500,-1,-0.0,TimeExit
MCX_Copper_5m_CCI_ADX_MFI_V28,2023-12-20 12:15:00,2023-12-20 15:29:00,MCX COPPER,727.8,728.05,7500,1,1875.0,StopLoss
MCX_Copper_5m_CCI_ADX_MFI_V28,2023-12-20 17:56:00,2023-12-20 23:02:00,MCX COPPER,725.6,726.1,7500,-1,-3750.0,TimeExit
MCX_Copper_5m_CCI_ADX_MFI_V28,2023-12-27 14:40:00,2023-12-27 20:58:00,MCX COPPER,735.95,739.95,7500,-1,-30000.0,StopLoss
MCX_Copper_5m_CCI_ADX_MFI_V28,2023-12-28 15:05:00,2023-12-28 23:00:00,MCX COPPER,735.5,734.55,7500,-1,7125.0,TimeExit
MCX_Copper_5m_CCI_ADX_MFI_V28,2023-12-29 19:56:00,2023-12-29 23:01:00,MCX COPPER,729.85,730.4,7500,-1,-4125.0,TimeExit
MCX_Copper_5m_CCI_ADX_MFI_V28,2024-01-02 19:00:00,2024-01-02 23:00:00,MCX COPPER,730.0,730.4,7500,-1,-3000.0,TimeExit
MCX_Copper_5m_CCI_ADX_MFI_V28,2024-01-03 17:50:00,2024-01-03 23:01:00,MCX COPPER,725.45,727.2,7500,-1,-13125.0,TimeExit
MCX_Copper_5m_CCI_ADX_MFI_V28,2024-01-04 17:05:00,2024-01-04 20:33:00,MCX COPPER,725.7,724.45,7500,-1,9375.0,StopLoss
MCX_Copper_5m_CCI_ADX_MFI_V28,2024-01-05 15:30:00,2024-01-05 19:33:00,MCX COPPER,722.1,726.1,7500,-1,-30000.0,StopLoss
MCX_Copper_5m_CCI_ADX_MFI_V28,2024-01-08 13:20:00,2024-01-08 18:30:00,MCX COPPER,721.4,720.15,7500,-1,9375.0,StopLoss
MCX_Copper_5m_CCI_ADX_MFI_V28,2024-01-08 20:55:00,2024-01-08 23:00:00,MCX COPPER,720.65,720.6,7500,1,-375.0,TimeExit
MCX_Copper_5m_CCI_ADX_MFI_V28,2024-01-09 14:55:00,2024-01-09 23:00:00,MCX COPPER,720.05,714.45,7500,-1,42000.0,TimeExit
MCX_Copper_5m_CCI_ADX_MFI_V28,2024-01-10 14:10:00,2024-01-10 23:00:00,MCX COPPER,715.9,714.95,7500,1,-7125.0,TimeExit
MCX_Copper_5m_CCI_ADX_MFI_V28,2024-01-11 12:36:00,2024-01-11 22:17:00,MCX COPPER,720.0,716.0,7500,1,-30000.0,StopLoss
MCX_Copper_5m_CCI_ADX_MFI_V28,2024-01-12 20:00:00,2024-01-12 23:00:00,MCX COPPER,716.25,712.5,7500,-1,28125.0,TimeExit
MCX_Copper_5m_CCI_ADX_MFI_V28,2024-01-15 11:35:00,2024-01-15 23:00:00,MCX COPPER,714.2,716.1,7500,1,14250.0,TimeExit
MCX_Copper_5m_CCI_ADX_MFI_V28,2024-01-16 14:40:00,2024-01-16 23:00:00,MCX COPPER,716.0,715.65,7500,1,-2625.0,TimeExit
MCX_Copper_5m_CCI_ADX_MFI_V28,2024-01-17 19:10:00,2024-01-17 23:00:00,MCX COPPER,714.55,712.65,7500,-1,14250.0,TimeExit
MCX_Copper_5m_CCI_ADX_MFI_V28,2024-01-18 14:56:00,2024-01-18 21:50:00,MCX COPPER,713.4,713.15,7500,-1,1875.0,StopLoss
MCX_Copper_5m_CCI_ADX_MFI_V28,2024-01-22 17:35:00,2024-01-22 23:00:00,MCX COPPER,715.9,714.95,7500,-1,7125.0,TimeExit
MCX_Copper_5m_CCI_ADX_MFI_V28,2024-01-24 09:20:00,2024-01-24 13:13:00,MCX COPPER,716.5,720.5,7500,-1,-30000.0,StopLoss
MCX_Copper_5m_CCI_ADX_MFI_V28,2024-01-24 14:55:00,2024-01-24 15:36:00,MCX COPPER,724.0,724.25,7500,1,1875.0,StopLoss
MCX_Copper_5m_CCI_ADX_MFI_V28,2024-01-24 18:20:00,2024-01-24 23:03:00,MCX COPPER,722.35,722.55,7500,-1,-1500.0,TimeExit
MCX_Copper_5m_CCI_ADX_MFI_V28,2024-01-25 10:33:00,2024-01-25 21:29:00,MCX COPPER,723.5,725.75,7500,1,16875.0,StopLoss
MCX_Copper_5m_CCI_ADX_MFI_V28,2024-01-29 17:40:00,2024-01-29 23:00:00,MCX COPPER,729.65,732.25,7500,1,19500.0,TimeExit
MCX_Copper_5m_CCI_ADX_MFI_V28,2024-01-30 11:30:00,2024-01-30 23:01:00,MCX COPPER,730.85,734.4,7500,1,26625.0,TimeExit
MCX_Copper_5m_CCI_ADX_MFI_V28,2024-01-31 11:15:00,2024-01-31 19:58:00,MCX COPPER,732.7,736.7,7500,-1,-30000.0,StopLoss
MCX_Copper_5m_CCI_ADX_MFI_V28,2024-02-01 22:55:00,2024-02-01 23:01:00,MCX COPPER,727.0,727.15,7500,1,1125.0,TimeExit
MCX_Copper_5m_CCI_ADX_MFI_V28,2024-02-02 15:10:00,2024-02-02 23:00:00,MCX COPPER,722.55,722.5,7500,1,-375.0,TimeExit
MCX_Copper_5m_CCI_ADX_MFI_V28,2024-02-06 18:30:00,2024-02-06 23:00:00,MCX COPPER,716.95,717.6,7500,1,4875.0,TimeExit
MCX_Copper_5m_CCI_ADX_MFI_V28,2024-02-08 14:41:00,2024-02-08 23:03:00,MCX COPPER,711.75,705.6,7500,-1,46125.0,TimeExit
MCX_Copper_5m_CCI_ADX_MFI_V28,2024-02-09 11:08:00,2024-02-09 20:11:00,MCX COPPER,706.15,702.15,7500,1,-30000.0,StopLoss
MCX_Copper_5m_CCI_ADX_MFI_V28,2024-02-12 09:36:00,2024-02-12 13:26:00,MCX COPPER,702.05,701.8,7500,-1,1875.0,StopLoss
MCX_Copper_5m_CCI_ADX_MFI_V28,2024-02-12 20:45:00,2024-02-12 23:00:00,MCX COPPER,705.55,708.0,7500,1,18375.0,TimeExit
MCX_Copper_5m_CCI_ADX_MFI_V28,2024-02-13 16:00:00,2024-02-13 23:01:00,MCX COPPER,712.0,708.15,7500,1,-28875.0,TimeExit
MCX_Copper_5m_CCI_ADX_MFI_V28,2024-02-14 22:10:00,2024-02-14 23:00:00,MCX COPPER,705.45,705.35,7500,-1,750.0,TimeExit
MCX_Copper_5m_CCI_ADX_MFI_V28,2024-02-16 09:15:00,2024-02-16 20:10:00,MCX COPPER,714.95,721.2,7500,1,46875.0,StopLoss
MCX_Copper_5m_CCI_ADX_MFI_V28,2024-02-16 22:25:00,2024-02-16 23:00:00,MCX COPPER,723.85,724.4,7500,1,4125.0,TimeExit
MCX_Copper_5m_CCI_ADX_MFI_V28,2024-02-19 17:50:00,2024-02-19 23:05:00,MCX COPPER,721.8,720.3,7500,1,-11250.0,TimeExit
MCX_Copper_5m_CCI_ADX_MFI_V28,2024-02-20 13:15:00,2024-02-20 17:16:00,MCX COPPER,718.85,721.1,7500,1,16875.0,StopLoss
MCX_Copper_5m_CCI_ADX_MFI_V28,2024-02-20 21:21:00,2024-02-20 23:00:00,MCX COPPER,722.9,725.5,7500,-1,-19500.0,TimeExit
MCX_Copper_5m_CCI_ADX_MFI_V28,2024-02-22 20:40:00,2024-02-22 23:00:00,MCX COPPER,725.25,726.65,7500,1,10500.0,TimeExit
MCX_Copper_5m_CCI_ADX_MFI_V28,2024-02-23 14:51:00,2024-02-23 23:00:00,MCX COPPER,723.5,724.3,7500,-1,-6000.0,TimeExit
MCX_Copper_5m_CCI_ADX_MFI_V28,2024-02-26 09:21:00,2024-02-26 23:01:00,MCX COPPER,728.3,725.7,7500,1,-19500.0,TimeExit
MCX_Copper_5m_CCI_ADX_MFI_V28,2024-02-27 10:12:00,2024-02-27 15:38:00,MCX COPPER,726.25,726.5,7500,1,1875.0,StopLoss
MCX_Copper_5m_CCI_ADX_MFI_V28,2024-02-28 17:50:00,2024-02-28 23:00:00,MCX COPPER,724.2,726.35,7500,1,16125.0,TimeExit
MCX_Copper_5m_CCI_ADX_MFI_V28,2024-02-29 12:15:00,2024-02-29 23:00:00,MCX COPPER,728.2,726.6,7500,1,-12000.0,TimeExit
MCX_Copper_5m_CCI_ADX_MFI_V28,2024-03-01 18:22:00,2024-03-01 23:01:00,MCX COPPER,724.85,728.5,7500,1,27375.0,TimeExit
MCX_Copper_5m_CCI_ADX_MFI_V28,2024-03-04 09:44:00,2024-03-04 13:15:00,MCX COPPER,726.7,730.7,7500,-1,-30000.0,StopLoss
MCX_Copper_5m_CCI_ADX_MFI_V28,2024-03-04 15:00:00,2024-03-04 23:00:00,MCX COPPER,732.0,728.6,7500,1,-25500.0,TimeExit
MCX_Copper_5m_CCI_ADX_MFI_V28,2024-03-05 12:15:00,2024-03-05 17:46:00,MCX COPPER,727.8,729.05,7500,1,9375.0,StopLoss
MCX_Copper_5m_CCI_ADX_MFI_V28,2024-03-05 19:10:00,2024-03-05 23:01:00,MCX COPPER,727.75,726.15,7500,-1,12000.0,TimeExit
MCX_Copper_5m_CCI_ADX_MFI_V28,2024-03-06 12:45:00,2024-03-06 19:17:00,MCX COPPER,726.7,730.7,7500,-1,-30000.0,StopLoss
MCX_Copper_5m_CCI_ADX_MFI_V28,2024-03-07 15:35:00,2024-03-07 19:31:00,MCX COPPER,735.8,736.05,7500,1,1875.0,StopLoss
MCX_Copper_5m_CCI_ADX_MFI_V28,2024-03-08 17:20:00,2024-03-08 19:00:00,MCX COPPER,736.55,732.55,7500,1,-30000.0,StopLoss
MCX_Copper_5m_CCI_ADX_MFI_V28,2024-03-11 11:54:00,2024-03-11 13:31:00,MCX COPPER,732.2,731.95,7500,-1,1875.0,StopLoss
MCX_Copper_5m_CCI_ADX_MFI_V28,2024-03-11 21:55:00,2024-03-11 23:00:00,MCX COPPER,736.65,736.85,7500,1,1500.0,TimeExit
MCX_Copper_5m_CCI_ADX_MFI_V28,2024-03-12 18:00:00,2024-03-12 18:33:00,MCX COPPER,736.9,737.15,7500,1,1875.0,StopLoss
MCX_Copper_5m_CCI_ADX_MFI_V28,2024-03-13 11:55:00,2024-03-13 12:55:00,MCX COPPER,738.9,739.15,7500,1,1875.0,StopLoss
MCX_Copper_5m_CCI_ADX_MFI_V28,2024-03-13 15:15:00,2024-03-13 18:51:00,MCX COPPER,744.6,745.85,7500,1,9375.0,StopLoss
MCX_Copper_5m_CCI_ADX_MFI_V28,2024-03-14 10:40:00,2024-03-14 11:37:00,MCX COPPER,753.1,749.1,7500,1,-30000.0,StopLoss
MCX_Copper_5m_CCI_ADX_MFI_V28,2024-03-14 11:55:00,2024-03-14 20:37:00,MCX COPPER,750.45,754.45,7500,-1,-30000.0,StopLoss
MCX_Copper_5m_CCI_ADX_MFI_V28,2024-03-14 21:20:00,2024-03-14 23:00:00,MCX COPPER,751.0,752.3,7500,-1,-9750.0,TimeExit
MCX_Copper_5m_CCI_ADX_MFI_V28,2024-03-15 17:35:00,2024-03-15 19:04:00,MCX COPPER,759.25,759.5,7500,1,1875.0,StopLoss
MCX_Copper_5m_CCI_ADX_MFI_V28,2024-03-18 11:50:00,2024-03-18 19:15:00,MCX COPPER,760.4,765.65,7500,1,39375.0,StopLoss
MCX_Copper_5m_CCI_ADX_MFI_V28,2024-03-18 19:20:00,2024-03-18 21:40:00,MCX COPPER,765.9,766.15,7500,1,1875.0,StopLoss
MCX_Copper_5m_CCI_ADX_MFI_V28,2024-03-22 17:48:00,2024-03-22 23:02:00,MCX COPPER,750.9,751.65,7500,-1,-5625.0,TimeExit
MCX_Copper_5m_CCI_ADX_MFI_V28,2024-03-26 15:20:00,2024-03-26 23:01:00,MCX COPPER,759.45,758.45,7500,1,-7500.0,TimeExit
MCX_Copper_5m_CCI_ADX_MFI_V28,2024-03-28 11:15:00,2024-03-28 13:33:00,MCX COPPER,763.05,759.05,7500,1,-30000.0,StopLoss
MCX_Copper_5m_CCI_ADX_MFI_V28,2024-03-28 18:10:00,2024-03-28 23:00:00,MCX COPPER,759.5,760.4,7500,-1,-6750.0,TimeExit
MCX_Copper_5m_CCI_ADX_MFI_V28,2024-04-01 15:01:00,2024-04-01 17:51:00,MCX COPPER,766.1,764.85,7500,-1,9375.0,StopLoss
MCX_Copper_5m_CCI_ADX_MFI_V28,2024-04-02 16:26:00,2024-04-02 23:00:00,MCX COPPER,770.5,769.05,7500,-1,10875.0,TimeExit
MCX_Copper_5m_CCI_ADX_MFI_V28,2024-04-03 14:15:00,2024-04-03 17:24:00,MCX COPPER,770.45,774.45,7500,-1,-30000.0,StopLoss
MCX_Copper_5m_CCI_ADX_MFI_V28,2024-04-04 14:45:00,2024-04-04 17:08:00,MCX COPPER,798.5,798.75,7500,1,1875.0,StopLoss
MCX_Copper_5m_CCI_ADX_MFI_V28,2024-04-04 22:40:00,2024-04-04 23:00:00,MCX COPPER,802.8,802.75,7500,1,-375.0,TimeExit
MCX_Copper_5m_CCI_ADX_MFI_V28,2024-04-05 17:50:00,2024-04-05 20:38:00,MCX COPPER,797.9,801.9,7500,-1,-30000.0,StopLoss
MCX_Copper_5m_CCI_ADX_MFI_V28,2024-04-08 17:00:00,2024-04-08 19:24:00,MCX COPPER,815.0,817.25,7500,1,16875.0,StopLoss
MCX_Copper_5m_CCI_ADX_MFI_V28,2024-04-08 20:00:00,2024-04-08 23:00:00,MCX COPPER,814.4,816.25,7500,-1,-13875.0,TimeExit
MCX_Copper_5m_CCI_ADX_MFI_V28,2024-04-10 09:45:00,2024-04-10 11:18:00,MCX COPPER,821.9,822.15,7500,1,1875.0,StopLoss
MCX_Copper_5m_CCI_ADX_MFI_V28,2024-04-12 17:11:00,2024-04-12 19:45:00,MCX COPPER,831.55,830.3,7500,-1,9375.0,StopLoss
MCX_Copper_5m_CCI_ADX_MFI_V28,2024-04-16 12:30:00,2024-04-16 15:23:00,MCX COPPER,828.0,825.75,7500,-1,16875.0,StopLoss
MCX_Copper_5m_CCI_ADX_MFI_V28,2024-04-18 12:40:00,2024-04-18 18:32:00,MCX COPPER,839.0,839.25,7500,1,1875.0,StopLoss
MCX_Copper_5m_CCI_ADX_MFI_V28,2024-04-18 18:40:00,2024-04-18 21:39:00,MCX COPPER,837.2,838.45,7500,1,9375.0,StopLoss
MCX_Copper_5m_CCI_ADX_MFI_V28,2024-04-19 15:56:00,2024-04-19 18:46:00,MCX COPPER,842.05,842.3,7500,1,1875.0,StopLoss
MCX_Copper_5m_CCI_ADX_MFI_V28,2024-04-23 10:46:00,2024-04-23 12:26:00,MCX COPPER,835.5,833.25,7500,-1,16875.0,StopLoss
MCX_Copper_5m_CCI_ADX_MFI_V28,2024-04-23 22:05:00,2024-04-23 23:01:00,MCX COPPER,838.0,837.7,7500,1,-2250.0,TimeExit
MCX_Copper_5m_CCI_ADX_MFI_V28,2024-04-26 12:40:00,2024-04-26 20:09:00,MCX COPPER,860.55,856.55,7500,1,-30000.0,StopLoss
MCX_Copper_5m_CCI_ADX_MFI_V28,2024-04-30 11:30:00,2024-04-30 13:46:00,MCX COPPER,873.2,870.95,7500,-1,16875.0,StopLoss
MCX_Copper_5m_CCI_ADX_MFI_V28,2024-04-30 18:50:00,2024-04-30 23:00:00,MCX COPPER,860.2,859.85,7500,-1,2625.0,TimeExit
MCX_Copper_5m_CCI_ADX_MFI_V28,2024-05-01 17:35:00,2024-05-01 19:03:00,MCX COPPER,856.5,855.25,7500,-1,9375.0,StopLoss
MCX_Copper_5m_CCI_ADX_MFI_V28,2024-05-02 14:20:00,2024-05-02 16:24:00,MCX COPPER,858.0,845.75,7500,-1,91875.0,StopLoss
MCX_Copper_5m_CCI_ADX_MFI_V28,2024-05-02 16:25:00,2024-05-02 18:11:00,MCX COPPER,845.85,849.85,7500,-1,-30000.0,StopLoss
MCX_Copper_5m_CCI_ADX_MFI_V28,2024-05-03 09:55:00,2024-05-03 13:46:00,MCX COPPER,847.3,849.55,7500,1,16875.0,StopLoss
MCX_Copper_5m_CCI_ADX_MFI_V28,2024-05-03 15:25:00,2024-05-03 18:18:00,MCX COPPER,853.65,853.9,7500,1,1875.0,StopLoss
MCX_Copper_5m_CCI_ADX_MFI_V28,2024-05-03 18:20:00,2024-05-03 19:04:00,MCX COPPER,853.95,854.2,7500,1,1875.0,StopLoss
MCX_Copper_5m_CCI_ADX_MFI_V28,2024-05-06 12:50:00,2024-05-06 18:00:00,MCX COPPER,863.65,866.9,7500,1,24375.0,StopLoss
MCX_Copper_5m_CCI_ADX_MFI_V28,2024-05-06 18:55:00,2024-05-06 23:00:00,MCX COPPER,866.45,866.8,7500,-1,-2625.0,TimeExit
MCX_Copper_5m_CCI_ADX_MFI_V28,2024-05-07 12:20:00,2024-05-07 13:37:00,MCX COPPER,864.25,863.0,7500,-1,9375.0,StopLoss
MCX_Copper_5m_CCI_ADX_MFI_V28,2024-05-07 21:05:00,2024-05-07 23:00:00,MCX COPPER,866.0,865.7,7500,1,-2250.0,TimeExit
MCX_Copper_5m_CCI_ADX_MFI_V28,2024-05-09 13:40:00,2024-05-09 19:33:00,MCX COPPER,853.25,857.25,7500,-1,-30000.0,StopLoss
MCX_Copper_5m_CCI_ADX_MFI_V28,2024-05-09 20:05:00,2024-05-09 23:00:00,MCX COPPER,857.6,859.6,7500,1,15000.0,TimeExit
MCX_Copper_5m_CCI_ADX_MFI_V28,2024-05-10 18:55:00,2024-05-10 23:00:00,MCX COPPER,867.05,869.55,7500,-1,-18750.0,TimeExit
MCX_Copper_5m_CCI_ADX_MFI_V28,2024-05-13 20:26:00,2024-05-13 23:00:00,MCX COPPER,881.2,883.85,7500,1,19875.0,TimeExit
MCX_Copper_5m_CCI_ADX_MFI_V28,2024-05-15 11:35:00,2024-05-15 12:22:00,MCX COPPER,893.05,893.3,7500,1,1875.0,StopLoss
MCX_Copper_5m_CCI_ADX_MFI_V28,2024-05-15 13:25:00,2024-05-15 14:16:00,MCX COPPER,896.9,900.15,7500,1,24375.0,StopLoss
MCX_Copper_5m_CCI_ADX_MFI_V28,2024-05-16 13:15:00,2024-05-16 18:02:00,MCX COPPER,897.6,893.6,7500,1,-30000.0,StopLoss
MCX_Copper_5m_CCI_ADX_MFI_V28,2024-05-20 19:55:00,2024-05-20 23:00:00,MCX COPPER,927.7,936.35,7500,1,64875.0,TimeExit
MCX_Copper_5m_CCI_ADX_MFI_V28,2024-05-21 13:25:00,2024-05-21 13:47:00,MCX COPPER,935.1,931.1,7500,1,-30000.0,StopLoss
MCX_Copper_5m_CCI_ADX_MFI_V28,2024-05-22 11:45:00,2024-05-22 12:34:00,MCX COPPER,927.05,927.3,7500,1,1875.0,StopLoss
MCX_Copper_5m_CCI_ADX_MFI_V28,2024-05-23 09:30:00,2024-05-23 10:18:00,MCX COPPER,892.5,891.25,7500,-1,9375.0,StopLoss
MCX_Copper_5m_CCI_ADX_MFI_V28,2024-05-23 11:40:00,2024-05-23 12:01:00,MCX COPPER,883.35,887.35,7500,-1,-30000.0,StopLoss
MCX_Copper_5m_CCI_ADX_MFI_V28,2024-05-23 20:20:00,2024-05-23 23:00:00,MCX COPPER,893.8,891.3,7500,-1,18750.0,TimeExit
MCX_Copper_5m_CCI_ADX_MFI_V28,2024-05-27 16:10:00,2024-05-27 18:16:00,MCX COPPER,897.6,897.85,7500,1,1875.0,StopLoss
MCX_Copper_5m_CCI_ADX_MFI_V28,2024-05-27 18:20:00,2024-05-27 20:47:00,MCX COPPER,897.55,900.8,7500,1,24375.0,StopLoss
MCX_Copper_5m_CCI_ADX_MFI_V28,2024-05-28 12:10:00,2024-05-28 17:26:00,MCX COPPER,901.15,905.15,7500,-1,-30000.0,StopLoss
MCX_Copper_5m_CCI_ADX_MFI_V28,2024-05-28 17:40:00,2024-05-28 19:05:00,MCX COPPER,904.1,909.35,7500,1,39375.0,StopLoss
MCX_Copper_5m_CCI_ADX_MFI_V28,2024-05-28 19:10:00,2024-05-28 19:26:00,MCX COPPER,908.8,904.8,7500,1,-30000.0,StopLoss
MCX_Copper_5m_CCI_ADX_MFI_V28,2024-05-29 13:50:00,2024-05-29 15:14:00,MCX COPPER,910.15,906.9,7500,-1,24375.0,StopLoss
MCX_Copper_5m_CCI_ADX_MFI_V28,2024-05-29 18:40:00,2024-05-29 19:23:00,MCX COPPER,902.5,900.25,7500,-1,16875.0,StopLoss
MCX_Copper_5m_CCI_ADX_MFI_V28,2024-05-30 11:40:00,2024-05-30 12:34:00,MCX COPPER,887.35,885.1,7500,-1,16875.0,StopLoss
MCX_Copper_5m_CCI_ADX_MFI_V28,2024-05-30 16:25:00,2024-05-30 17:02:00,MCX COPPER,877.8,877.55,7500,-1,1875.0,StopLoss
MCX_Copper_5m_CCI_ADX_MFI_V28,2024-05-30 17:55:00,2024-05-30 18:25:00,MCX COPPER,873.8,873.55,7500,-1,1875.0,StopLoss
MCX_Copper_5m_CCI_ADX_MFI_V28,2024-05-31 09:30:00,2024-05-31 10:17:00,MCX COPPER,875.45,875.2,7500,-1,1875.0,StopLoss
MCX_Copper_5m_CCI_ADX_MFI_V28,2024-05-31 21:15:00,2024-05-31 22:37:00,MCX COPPER,868.0,872.0,7500,-1,-30000.0,StopLoss
MCX_Copper_5m_CCI_ADX_MFI_V28,2024-05-31 23:00:00,2024-05-31 23:00:00,MCX COPPER,870.5,870.7,7500,1,1500.0,TimeExit
MCX_Copper_5m_CCI_ADX_MFI_V28,2024-06-03 09:35:00,2024-06-03 15:44:00,MCX COPPER,870.0,874.0,7500,-1,-30000.0,StopLoss
MCX_Copper_5m_CCI_ADX_MFI_V28,2024-06-03 19:00:00,2024-06-03 23:00:00,MCX COPPER,878.6,879.6,7500,1,7500.0,TimeExit
MCX_Copper_5m_CCI_ADX_MFI_V28,2024-06-04 11:30:00,2024-06-04 13:48:00,MCX COPPER,881.15,872.9,7500,-1,61875.0,StopLoss
MCX_Copper_5m_CCI_ADX_MFI_V28,2024-06-05 13:05:00,2024-06-05 13:46:00,MCX COPPER,860.25,864.25,7500,-1,-30000.0,StopLoss
MCX_Copper_5m_CCI_ADX_MFI_V28,2024-06-05 17:50:00,2024-06-05 18:49:00,MCX COPPER,859.2,863.2,7500,-1,-30000.0,StopLoss
MCX_Copper_5m_CCI_ADX_MFI_V28,2024-06-06 16:05:00,2024-06-06 17:33:00,MCX COPPER,874.0,877.25,7500,1,24375.0,StopLoss
MCX_Copper_5m_CCI_ADX_MFI_V28,2024-06-06 21:35:00,2024-06-06 23:00:00,MCX COPPER,881.05,881.85,7500,1,6000.0,TimeExit
MCX_Copper_5m_CCI_ADX_MFI_V28,2024-06-07 18:55:00,2024-06-07 19:21:00,MCX COPPER,861.3,857.05,7500,-1,31875.0,StopLoss
MCX_Copper_5m_CCI_ADX_MFI_V28,2024-06-10 12:35:00,2024-06-10 14:09:00,MCX COPPER,855.9,857.15,7500,1,9375.0,StopLoss
MCX_Copper_5m_CCI_ADX_MFI_V28,2024-06-10 14:10:00,2024-06-10 19:01:00,MCX COPPER,857.35,861.6,7500,1,31875.0,StopLoss
MCX_Copper_5m_CCI_ADX_MFI_V28,2024-06-11 12:10:00,2024-06-11 12:32:00,MCX COPPER,861.0,857.0,7500,1,-30000.0,StopLoss
MCX_Copper_5m_CCI_ADX_MFI_V28,2024-06-11 22:45:00,2024-06-11 23:00:00,MCX COPPER,858.6,857.7,7500,1,-6750.0,TimeExit
MCX_Copper_5m_CCI_ADX_MFI_V28,2024-06-13 09:31:00,2024-06-13 12:47:00,MCX COPPER,860.8,864.8,7500,-1,-30000.0,StopLoss
MCX_Copper_5m_CCI_ADX_MFI_V28,2024-06-13 21:50:00,2024-06-13 23:00:00,MCX COPPER,855.05,855.8,7500,-1,-5625.0,TimeExit
MCX_Copper_5m_CCI_ADX_MFI_V28,2024-06-14 15:20:00,2024-06-14 16:43:00,MCX COPPER,852.55,856.55,7500,-1,-30000.0,StopLoss
MCX_Copper_5m_CCI_ADX_MFI_V28,2024-06-17 21:10:00,2024-06-17 23:00:00,MCX COPPER,848.8,849.8,7500,1,7500.0,TimeExit
MCX_Copper_5m_CCI_ADX_MFI_V28,2024-06-18 09:35:00,2024-06-18 12:09:00,MCX COPPER,852.1,848.1,7500,1,-30000.0,StopLoss
MCX_Copper_5m_CCI_ADX_MFI_V28,2024-06-19 09:25:00,2024-06-19 14:58:00,MCX COPPER,852.25,855.5,7500,1,24375.0,StopLoss
MCX_Copper_5m_CCI_ADX_MFI_V28,2024-06-19 19:00:00,2024-06-19 20:20:00,MCX COPPER,855.45,854.2,7500,-1,9375.0,StopLoss
MCX_Copper_5m_CCI_ADX_MFI_V28,2024-06-20 15:40:00,2024-06-20 20:44:00,MCX COPPER,856.55,860.8,7500,1,31875.0,StopLoss
MCX_Copper_5m_CCI_ADX_MFI_V28,2024-06-21 13:20:00,2024-06-21 18:03:00,MCX COPPER,853.15,849.9,7500,-1,24375.0,StopLoss
MCX_Copper_5m_CCI_ADX_MFI_V28,2024-06-24 14:55:00,2024-06-24 17:31:00,MCX COPPER,851.4,847.4,7500,1,-30000.0,StopLoss
MCX_Copper_5m_CCI_ADX_MFI_V28,2024-06-24 17:55:00,2024-06-24 23:00:00,MCX COPPER,848.25,848.4,7500,-1,-1125.0,TimeExit
MCX_Copper_5m_CCI_ADX_MFI_V28,2024-06-26 12:40:00,2024-06-26 14:29:00,MCX COPPER,841.7,841.95,7500,1,1875.0,StopLoss
MCX_Copper_5m_CCI_ADX_MFI_V28,2024-06-26 18:05:00,2024-06-26 19:02:00,MCX COPPER,841.25,837.25,7500,1,-30000.0,StopLoss
MCX_Copper_5m_CCI_ADX_MFI_V28,2024-06-27 12:00:00,2024-06-27 12:48:00,MCX COPPER,836.65,834.4,7500,-1,16875.0,StopLoss
MCX_Copper_5m_CCI_ADX_MFI_V28,2024-06-27 18:05:00,2024-06-27 19:10:00,MCX COPPER,839.75,840.0,7500,1,1875.0,StopLoss
MCX_Copper_5m_CCI_ADX_MFI_V28,2024-06-28 15:40:00,2024-06-28 19:01:00,MCX COPPER,841.55,843.8,7500,1,16875.0,StopLoss
MCX_Copper_5m_CCI_ADX_MFI_V28,2024-06-28 22:55:00,2024-06-28 23:00:00,MCX COPPER,841.5,841.1,7500,1,-3000.0,TimeExit
MCX_Copper_5m_CCI_ADX_MFI_V28,2024-07-01 22:05:00,2024-07-01 23:00:00,MCX COPPER,846.5,846.2,7500,1,-2250.0,TimeExit
MCX_Copper_5m_CCI_ADX_MFI_V28,2024-07-02 19:40:00,2024-07-02 22:30:00,MCX COPPER,852.0,848.0,7500,1,-30000.0,StopLoss
MCX_Copper_5m_CCI_ADX_MFI_V28,2024-07-04 09:35:00,2024-07-04 13:10:00,MCX COPPER,863.15,862.9,7500,-1,1875.0,StopLoss
MCX_Copper_5m_CCI_ADX_MFI_V28,2024-07-04 16:15:00,2024-07-04 20:22:00,MCX COPPER,866.5,867.75,7500,1,9375.0,StopLoss
MCX_Copper_5m_CCI_ADX_MFI_V28,2024-07-05 09:05:00,2024-07-05 11:51:00,MCX COPPER,866.65,872.9,7500,1,46875.0,StopLoss
MCX_Copper_5m_CCI_ADX_MFI_V28,2024-07-05 11:55:00,2024-07-05 16:53:00,MCX COPPER,873.3,879.55,7500,1,46875.0,StopLoss
MCX_Copper_5m_CCI_ADX_MFI_V28,2024-07-08 18:45:00,2024-07-08 23:00:00,MCX COPPER,877.0,870.55,7500,-1,48375.0,TimeExit
MCX_Copper_5m_CCI_ADX_MFI_V28,2024-07-09 21:15:00,2024-07-09 23:00:00,MCX COPPER,868.05,868.65,7500,-1,-4500.0,TimeExit
MCX_Copper_5m_CCI_ADX_MFI_V28,2024-07-10 18:55:00,2024-07-10 19:48:00,MCX COPPER,872.25,874.5,7500,1,16875.0,StopLoss
MCX_Copper_5m_CCI_ADX_MFI_V28,2024-07-11 12:30:00,2024-07-11 13:04:00,MCX COPPER,870.95,869.7,7500,-1,9375.0,StopLoss
MCX_Copper_5m_CCI_ADX_MFI_V28,2024-07-11 13:05:00,2024-07-11 13:30:00,MCX COPPER,869.25,868.0,7500,-1,9375.0,StopLoss
MCX_Copper_5m_CCI_ADX_MFI_V28,2024-07-11 19:30:00,2024-07-11 23:00:00,MCX COPPER,861.2,855.75,7500,-1,40875.0,TimeExit
MCX_Copper_5m_CCI_ADX_MFI_V28,2024-07-12 12:15:00,2024-07-12 13:03:00,MCX COPPER,854.0,852.75,7500,-1,9375.0,StopLoss
MCX_Copper_5m_CCI_ADX_MFI_V28,2024-07-12 19:45:00,2024-07-12 21:52:00,MCX COPPER,864.65,865.9,7500,1,9375.0,StopLoss
MCX_Copper_5m_CCI_ADX_MFI_V28,2024-07-15 10:50:00,2024-07-15 12:45:00,MCX COPPER,867.4,863.15,7500,-1,31875.0,StopLoss
MCX_Copper_5m_CCI_ADX_MFI_V28,2024-07-16 17:00:00,2024-07-16 18:07:00,MCX COPPER,854.15,850.9,7500,-1,24375.0,StopLoss
MCX_Copper_5m_CCI_ADX_MFI_V28,2024-07-16 19:55:00,2024-07-16 20:34:00,MCX COPPER,843.0,847.0,7500,-1,-30000.0,StopLoss
MCX_Copper_5m_CCI_ADX_MFI_V28,2024-07-18 10:55:00,2024-07-18 12:25:00,MCX COPPER,839.2,843.2,7500,-1,-30000.0,StopLoss
MCX_Copper_5m_CCI_ADX_MFI_V28,2024-07-18 12:45:00,2024-07-18 13:37:00,MCX COPPER,841.5,837.5,7500,1,-30000.0,StopLoss
MCX_Copper_5m_CCI_ADX_MFI_V28,2024-07-18 14:55:00,2024-07-18 18:17:00,MCX COPPER,834.5,829.25,7500,-1,39375.0,StopLoss
MCX_Copper_5m_CCI_ADX_MFI_V28,2024-07-19 09:26:00,2024-07-19 11:33:00,MCX COPPER,827.6,824.35,7500,-1,24375.0,StopLoss
MCX_Copper_5m_CCI_ADX_MFI_V28,2024-07-19 21:40:00,2024-07-19 23:00:00,MCX COPPER,821.4,819.35,7500,-1,15375.0,TimeExit
MCX_Copper_5m_CCI_ADX_MFI_V28,2024-07-24 14:55:00,2024-07-24 19:06:00,MCX COPPER,807.45,799.2,7500,-1,61875.0,StopLoss
MCX_Copper_5m_CCI_ADX_MFI_V28,2024-07-29 12:40:00,2024-07-29 13:00:00,MCX COPPER,795.7,794.45,7500,-1,9375.0,StopLoss
MCX_Copper_5m_CCI_ADX_MFI_V28,2024-07-29 13:05:00,2024-07-29 14:20:00,MCX COPPER,794.7,791.45,7500,-1,24375.0,StopLoss
MCX_Copper_5m_CCI_ADX_MFI_V28,2024-07-29 21:00:00,2024-07-29 23:00:00,MCX COPPER,789.75,791.25,7500,-1,-11250.0,TimeExit
MCX_Copper_5m_CCI_ADX_MFI_V28,2024-07-30 13:00:00,2024-07-30 17:18:00,MCX COPPER,788.8,784.8,7500,1,-30000.0,StopLoss
MCX_Copper_5m_CCI_ADX_MFI_V28,2024-07-30 17:40:00,2024-07-30 18:45:00,MCX COPPER,785.2,784.95,7500,-1,1875.0,StopLoss
MCX_Copper_5m_CCI_ADX_MFI_V28,2024-07-30 22:35:00,2024-07-30 23:00:00,MCX COPPER,791.65,792.95,7500,1,9750.0,TimeExit
MCX_Copper_5m_CCI_ADX_MFI_V28,2024-08-01 11:55:00,2024-08-01 12:33:00,MCX COPPER,807.1,804.85,7500,-1,16875.0,StopLoss
MCX_Copper_5m_CCI_ADX_MFI_V28,2024-08-01 17:10:00,2024-08-01 18:37:00,MCX COPPER,800.0,800.25,7500,1,1875.0,StopLoss
MCX_Copper_5m_CCI_ADX_MFI_V28,2024-08-01 21:05:00,2024-08-01 23:00:00,MCX COPPER,795.2,791.7,7500,-1,26250.0,TimeExit
MCX_Copper_5m_CCI_ADX_MFI_V28,2024-08-02 18:20:00,2024-08-02 20:20:00,MCX COPPER,796.3,796.05,7500,-1,1875.0,StopLoss
MCX_Copper_5m_CCI_ADX_MFI_V28,2024-08-05 11:10:00,2024-08-05 12:03:00,MCX COPPER,798.05,787.8,7500,-1,76875.0,StopLoss
MCX_Copper_5m_CCI_ADX_MFI_V28,2024-08-05 19:00:00,2024-08-05 19:23:00,MCX COPPER,774.7,779.95,7500,1,39375.0,StopLoss
MCX_Copper_5m_CCI_ADX_MFI_V28,2024-08-06 11:00:00,2024-08-06 11:51:00,MCX COPPER,771.9,771.65,7500,-1,1875.0,StopLoss
MCX_Copper_5m_CCI_ADX_MFI_V28,2024-08-08 15:36:00,2024-08-08 19:59:00,MCX COPPER,771.15,775.15,7500,-1,-30000.0,StopLoss
MCX_Copper_5m_CCI_ADX_MFI_V28,2024-08-08 20:15:00,2024-08-08 22:27:00,MCX COPPER,773.5,773.75,7500,1,1875.0,StopLoss
MCX_Copper_5m_CCI_ADX_MFI_V28,2024-08-12 09:30:00,2024-08-12 11:54:00,MCX COPPER,776.0,780.0,7500,-1,-30000.0,StopLoss
MCX_Copper_5m_CCI_ADX_MFI_V28,2024-08-12 18:25:00,2024-08-12 20:07:00,MCX COPPER,785.7,789.7,7500,-1,-30000.0,StopLoss
MCX_Copper_5m_CCI_ADX_MFI_V28,2024-08-12 20:55:00,2024-08-12 23:00:00,MCX COPPER,790.35,790.45,7500,1,750.0,TimeExit
MCX_Copper_5m_CCI_ADX_MFI_V28,2024-08-13 21:47:00,2024-08-13 23:00:00,MCX COPPER,784.5,786.1,7500,-1,-12000.0,TimeExit
MCX_Copper_5m_CCI_ADX_MFI_V28,2024-08-14 13:06:00,2024-08-14 15:37:00,MCX COPPER,786.5,789.75,7500,1,24375.0,StopLoss
MCX_Copper_5m_CCI_ADX_MFI_V28,2024-08-16 15:55:00,2024-08-16 17:52:00,MCX COPPER,797.3,797.05,7500,-1,1875.0,StopLoss
MCX_Copper_5m_CCI_ADX_MFI_V28,2024-08-19 13:00:00,2024-08-19 14:11:00,MCX COPPER,805.3,805.55,7500,1,1875.0,StopLoss
MCX_Copper_5m_CCI_ADX_MFI_V28,2024-08-20 14:00:00,2024-08-20 15:28:00,MCX COPPER,804.3,805.55,7500,1,9375.0,StopLoss
MCX_Copper_5m_CCI_ADX_MFI_V28,2024-08-20 18:25:00,2024-08-20 22:29:00,MCX COPPER,807.35,800.1,7500,-1,54375.0,StopLoss
MCX_Copper_5m_CCI_ADX_MFI_V28,2024-08-21 13:35:00,2024-08-21 19:42:00,MCX COPPER,804.45,801.2,7500,-1,24375.0,StopLoss
MCX_Copper_5m_CCI_ADX_MFI_V28,2024-08-21 21:30:00,2024-08-21 23:00:00,MCX COPPER,803.75,803.8,7500,1,375.0,TimeExit
MCX_Copper_5m_CCI_ADX_MFI_V28,2024-08-22 09:25:00,2024-08-22 11:31:00,MCX COPPER,804.4,804.65,7500,1,1875.0,StopLoss
MCX_Copper_5m_CCI_ADX_MFI_V28,2024-08-23 11:40:00,2024-08-23 23:00:00,MCX COPPER,797.0,799.15,7500,-1,-16125.0,TimeExit
MCX_Copper_5m_CCI_ADX_MFI_V28,2024-08-27 11:55:00,2024-08-27 15:17:00,MCX COPPER,816.3,816.55,7500,1,1875.0,StopLoss
MCX_Copper_5m_CCI_ADX_MFI_V28,2024-08-27 16:10:00,2024-08-27 20:53:00,MCX COPPER,816.15,820.15,7500,-1,-30000.0,StopLoss
MCX_Copper_5m_CCI_ADX_MFI_V28,2024-08-29 09:35:00,2024-08-29 14:44:00,MCX COPPER,807.1,802.85,7500,-1,31875.0,StopLoss
MCX_Copper_5m_CCI_ADX_MFI_V28,2024-08-29 16:35:00,2024-08-29 23:00:00,MCX COPPER,804.9,807.6,7500,1,20250.0,TimeExit
MCX_Copper_5m_CCI_ADX_MFI_V28,2024-08-30 11:40:00,2024-08-30 14:51:00,MCX COPPER,810.6,812.85,7500,1,16875.0,StopLoss
MCX_Copper_5m_CCI_ADX_MFI_V28,2024-09-02 17:15:00,2024-09-02 23:02:00,MCX COPPER,799.3,801.35,7500,-1,-15375.0,TimeExit
MCX_Copper_5m_CCI_ADX_MFI_V28,2024-09-03 16:05:00,2024-09-03 20:08:00,MCX COPPER,785.3,784.05,7500,-1,9375.0,StopLoss
MCX_Copper_5m_CCI_ADX_MFI_V28,2024-09-03 22:00:00,2024-09-03 23:00:00,MCX COPPER,785.7,785.5,7500,1,-1500.0,TimeExit
MCX_Copper_5m_CCI_ADX_MFI_V28,2024-09-04 10:15:00,2024-09-04 12:35:00,MCX COPPER,785.05,782.8,7500,-1,16875.0,StopLoss
MCX_Copper_5m_CCI_ADX_MFI_V28,2024-09-04 19:00:00,2024-09-04 19:36:00,MCX COPPER,784.95,785.2,7500,1,1875.0,StopLoss
MCX_Copper_5m_CCI_ADX_MFI_V28,2024-09-05 16:10:00,2024-09-05 18:17:00,MCX COPPER,786.0,788.25,7500,1,16875.0,StopLoss
MCX_Copper_5m_CCI_ADX_MFI_V28,2024-09-05 18:20:00,2024-09-05 20:13:00,MCX COPPER,788.55,793.8,7500,1,39375.0,StopLoss
MCX_Copper_5m_CCI_ADX_MFI_V28,2024-09-06 11:25:00,2024-09-06 11:51:00,MCX COPPER,791.65,795.65,7500,-1,-30000.0,StopLoss
MCX_Copper_5m_CCI_ADX_MFI_V28,2024-09-11 09:40:00,2024-09-11 11:30:00,MCX COPPER,787.85,789.1,7500,1,9375.0,StopLoss
MCX_Copper_5m_CCI_ADX_MFI_V28,2024-09-11 13:15:00,2024-09-11 19:34:00,MCX COPPER,792.2,788.2,7500,1,-30000.0,StopLoss
MCX_Copper_5m_CCI_ADX_MFI_V28,2024-09-13 15:25:00,2024-09-13 19:33:00,MCX COPPER,801.0,802.25,7500,1,9375.0,StopLoss
MCX_Copper_5m_CCI_ADX_MFI_V28,2024-09-16 11:05:00,2024-09-16 13:45:00,MCX COPPER,802.25,800.0,7500,-1,16875.0,StopLoss
MCX_Copper_5m_CCI_ADX_MFI_V28,2024-09-16 15:15:00,2024-09-16 19:07:00,MCX COPPER,801.15,808.4,7500,1,54375.0,StopLoss
MCX_Copper_5m_CCI_ADX_MFI_V28,2024-09-16 19:10:00,2024-09-16 20:27:00,MCX COPPER,809.4,811.65,7500,1,16875.0,StopLoss
MCX_Copper_5m_CCI_ADX_MFI_V28,2024-09-17 15:35:00,2024-09-17 18:38:00,MCX COPPER,808.85,807.6,7500,-1,9375.0,StopLoss
MCX_Copper_5m_CCI_ADX_MFI_V28,2024-09-19 12:00:00,2024-09-19 14:08:00,MCX COPPER,813.05,817.3,7500,1,31875.0,StopLoss
MCX_Copper_5m_CCI_ADX_MFI_V28,2024-09-19 19:55:00,2024-09-19 23:00:00,MCX COPPER,812.65,814.2,7500,-1,-11625.0,TimeExit
MCX_Copper_5m_CCI_ADX_MFI_V28,2024-09-20 14:00:00,2024-09-20 20:02:00,MCX COPPER,813.75,811.5,7500,-1,16875.0,StopLoss
MCX_Copper_5m_CCI_ADX_MFI_V28,2024-09-23 11:25:00,2024-09-23 12:30:00,MCX COPPER,811.9,807.9,7500,1,-30000.0,StopLoss
MCX_Copper_5m_CCI_ADX_MFI_V28,2024-09-23 13:05:00,2024-09-23 15:38:00,MCX COPPER,802.65,806.65,7500,-1,-30000.0,StopLoss
MCX_Copper_5m_CCI_ADX_MFI_V28,2024-09-26 11:15:00,2024-09-26 17:41:00,MCX COPPER,844.0,852.25,7500,1,61875.0,StopLoss
MCX_Copper_5m_CCI_ADX_MFI_V28,2024-09-27 13:15:00,2024-09-27 13:35:00,MCX COPPER,860.7,860.45,7500,-1,1875.0,StopLoss
MCX_Copper_5m_CCI_ADX_MFI_V28,2024-09-27 14:25:00,2024-09-27 17:52:00,MCX COPPER,861.0,857.0,7500,1,-30000.0,StopLoss
MCX_Copper_5m_CCI_ADX_MFI_V28,2024-09-30 16:45:00,2024-09-30 18:53:00,MCX COPPER,855.9,849.65,7500,-1,46875.0,StopLoss
MCX_Copper_5m_CCI_ADX_MFI_V28,2024-10-03 20:25:00,2024-10-03 20:59:00,MCX COPPER,851.95,851.7,7500,-1,1875.0,StopLoss
MCX_Copper_5m_CCI_ADX_MFI_V28,2024-10-03 22:20:00,2024-10-03 23:00:00,MCX COPPER,853.0,852.55,7500,1,-3375.0,TimeExit
MCX_Copper_5m_CCI_ADX_MFI_V28,2024-10-04 20:20:00,2024-10-04 20:37:00,MCX COPPER,855.25,855.0,7500,-1,1875.0,StopLoss
MCX_Copper_5m_CCI_ADX_MFI_V28,2024-10-07 11:35:00,2024-10-07 13:34:00,MCX COPPER,852.65,856.65,7500,-1,-30000.0,StopLoss
MCX_Copper_5m_CCI_ADX_MFI_V28,2024-10-07 13:51:00,2024-10-07 14:34:00,MCX COPPER,856.25,852.25,7500,1,-30000.0,StopLoss
MCX_Copper_5m_CCI_ADX_MFI_V28,2024-10-07 20:50:00,2024-10-07 22:06:00,MCX COPPER,848.95,852.95,7500,-1,-30000.0,StopLoss
MCX_Copper_5m_CCI_ADX_MFI_V28,2024-10-08 11:05:00,2024-10-08 11:29:00,MCX COPPER,837.2,836.95,7500,-1,1875.0,StopLoss
MCX_Copper_5m_CCI_ADX_MFI_V28,2024-10-08 12:05:00,2024-10-08 13:33:00,MCX COPPER,836.1,833.85,7500,-1,16875.0,StopLoss
MCX_Copper_5m_CCI_ADX_MFI_V28,2024-10-08 21:20:00,2024-10-08 23:00:00,MCX COPPER,835.6,835.4,7500,-1,1500.0,TimeExit
MCX_Copper_5m_CCI_ADX_MFI_V28,2024-10-09 13:00:00,2024-10-09 14:05:00,MCX COPPER,834.65,833.4,7500,-1,9375.0,StopLoss
MCX_Copper_5m_CCI_ADX_MFI_V28,2024-10-09 17:30:00,2024-10-09 19:15:00,MCX COPPER,828.0,824.75,7500,-1,24375.0,StopLoss
MCX_Copper_5m_CCI_ADX_MFI_V28,2024-10-10 20:00:00,2024-10-10 22:11:00,MCX COPPER,829.65,831.9,7500,1,16875.0,StopLoss
MCX_Copper_5m_CCI_ADX_MFI_V28,2024-10-11 14:10:00,2024-10-11 16:08:00,MCX COPPER,834.0,834.25,7500,1,1875.0,StopLoss
MCX_Copper_5m_CCI_ADX_MFI_V28,2024-10-11 22:16:00,2024-10-11 23:00:00,MCX COPPER,840.3,840.05,7500,1,-1875.0,TimeExit
MCX_Copper_5m_CCI_ADX_MFI_V28,2024-10-14 11:05:00,2024-10-14 15:26:00,MCX COPPER,836.75,832.75,7500,1,-30000.0,StopLoss
MCX_Copper_5m_CCI_ADX_MFI_V28,2024-10-14 17:15:00,2024-10-14 19:08:00,MCX COPPER,828.2,825.95,7500,-1,16875.0,StopLoss
MCX_Copper_5m_CCI_ADX_MFI_V28,2024-10-15 17:55:00,2024-10-15 23:00:00,MCX COPPER,819.45,816.8,7500,1,-19875.0,TimeExit
MCX_Copper_5m_CCI_ADX_MFI_V28,2024-10-16 09:40:00,2024-10-16 13:35:00,MCX COPPER,819.95,821.2,7500,1,9375.0,StopLoss
MCX_Copper_5m_CCI_ADX_MFI_V28,2024-10-16 15:50:00,2024-10-16 20:04:00,MCX COPPER,823.3,819.3,7500,1,-30000.0,StopLoss
MCX_Copper_5m_CCI_ADX_MFI_V28,2024-10-16 22:55:00,2024-10-16 23:03:00,MCX COPPER,821.1,821.2,7500,1,750.0,TimeExit
MCX_Copper_5m_CCI_ADX_MFI_V28,2024-10-17 19:40:00,2024-10-17 22:01:00,MCX COPPER,816.0,812.0,7500,1,-30000.0,StopLoss
MCX_Copper_5m_CCI_ADX_MFI_V28,2024-10-17 22:20:00,2024-10-17 23:00:00,MCX COPPER,813.35,813.6,7500,-1,-1875.0,TimeExit
MCX_Copper_5m_CCI_ADX_MFI_V28,2024-10-18 11:45:00,2024-10-18 13:20:00,MCX COPPER,822.5,822.75,7500,1,1875.0,StopLoss
MCX_Copper_5m_CCI_ADX_MFI_V28,2024-10-21 18:06:00,2024-10-21 19:06:00,MCX COPPER,826.6,826.35,7500,-1,1875.0,StopLoss
MCX_Copper_5m_CCI_ADX_MFI_V28,2024-10-22 11:40:00,2024-10-22 12:52:00,MCX COPPER,817.0,821.0,7500,-1,-30000.0,StopLoss
MCX_Copper_5m_CCI_ADX_MFI_V28,2024-10-22 17:45:00,2024-10-22 20:13:00,MCX COPPER,820.4,818.15,7500,-1,16875.0,StopLoss
MCX_Copper_5m_CCI_ADX_MFI_V28,2024-10-22 20:15:00,2024-10-22 23:00:00,MCX COPPER,817.7,818.15,7500,-1,-3375.0,TimeExit
MCX_Copper_5m_CCI_ADX_MFI_V28,2024-10-23 11:35:00,2024-10-23 12:09:00,MCX COPPER,816.25,812.25,7500,1,-30000.0,StopLoss
MCX_Copper_5m_CCI_ADX_MFI_V28,2024-10-23 12:55:00,2024-10-23 13:41:00,MCX COPPER,810.0,807.75,7500,-1,16875.0,StopLoss
MCX_Copper_5m_CCI_ADX_MFI_V28,2024-10-24 14:05:00,2024-10-24 16:08:00,MCX COPPER,808.45,804.2,7500,-1,31875.0,StopLoss
MCX_Copper_5m_CCI_ADX_MFI_V28,2024-10-24 20:50:00,2024-10-24 21:58:00,MCX COPPER,790.0,788.75,7500,-1,9375.0,StopLoss
MCX_Copper_5m_CCI_ADX_MFI_V28,2024-10-29 13:20:00,2024-10-29 14:00:00,MCX COPPER,837.5,840.75,7500,1,24375.0,StopLoss
MCX_Copper_5m_CCI_ADX_MFI_V28,2024-10-30 17:45:00,2024-10-30 23:00:00,MCX COPPER,842.4,843.7,7500,-1,-9750.0,TimeExit
MCX_Copper_5m_CCI_ADX_MFI_V28,2024-10-31 09:30:00,2024-10-31 17:05:00,MCX COPPER,844.55,840.55,7500,1,-30000.0,StopLoss
MCX_Copper_5m_CCI_ADX_MFI_V28,2024-10-31 17:25:00,2024-10-31 23:00:00,MCX COPPER,842.0,839.6,7500,-1,18000.0,TimeExit
MCX_Copper_5m_CCI_ADX_MFI_V28,2024-11-04 10:35:00,2024-11-04 11:53:00,MCX COPPER,849.2,852.45,7500,1,24375.0,StopLoss
MCX_Copper_5m_CCI_ADX_MFI_V28,2024-11-05 11:51:00,2024-11-05 16:43:00,MCX COPPER,857.0,861.0,7500,-1,-30000.0,StopLoss
MCX_Copper_5m_CCI_ADX_MFI_V28,2024-11-05 20:50:00,2024-11-05 23:00:00,MCX COPPER,859.75,859.95,7500,-1,-1500.0,TimeExit
MCX_Copper_5m_CCI_ADX_MFI_V28,2024-11-06 12:30:00,2024-11-06 13:04:00,MCX COPPER,841.3,845.3,7500,-1,-30000.0,StopLoss
MCX_Copper_5m_CCI_ADX_MFI_V28,2024-11-06 21:45:00,2024-11-06 23:02:00,MCX COPPER,831.25,829.5,7500,1,-13125.0,TimeExit
MCX_Copper_5m_CCI_ADX_MFI_V28,2024-11-07 11:35:00,2024-11-07 15:11:00,MCX COPPER,834.3,839.55,7500,1,39375.0,StopLoss
MCX_Copper_5m_CCI_ADX_MFI_V28,2024-11-07 19:25:00,2024-11-07 20:52:00,MCX COPPER,848.0,849.25,7500,1,9375.0,StopLoss
MCX_Copper_5m_CCI_ADX_MFI_V28,2024-11-08 18:15:00,2024-11-08 23:00:00,MCX COPPER,837.35,833.45,7500,-1,29250.0,TimeExit
MCX_Copper_5m_CCI_ADX_MFI_V28,2024-11-13 11:30:00,2024-11-13 19:24:00,MCX COPPER,803.25,807.25,7500,-1,-30000.0,StopLoss
MCX_Copper_5m_CCI_ADX_MFI_V28,2024-11-14 19:35:00,2024-11-14 20:17:00,MCX COPPER,794.6,795.85,7500,1,9375.0,StopLoss
MCX_Copper_5m_CCI_ADX_MFI_V28,2024-11-15 17:35:00,2024-11-15 18:49:00,MCX COPPER,809.0,805.0,7500,1,-30000.0,StopLoss
MCX_Copper_5m_CCI_ADX_MFI_V28,2024-11-15 21:20:00,2024-11-15 22:18:00,MCX COPPER,802.55,799.3,7500,-1,24375.0,StopLoss
MCX_Copper_5m_CCI_ADX_MFI_V28,2024-11-18 12:36:00,2024-11-18 20:18:00,MCX COPPER,798.1,798.35,7500,1,1875.0,StopLoss
MCX_Copper_5m_CCI_ADX_MFI_V28,2024-11-18 20:20:00,2024-11-18 21:59:00,MCX COPPER,798.4,802.65,7500,1,31875.0,StopLoss
MCX_Copper_5m_CCI_ADX_MFI_V28,2024-11-18 22:00:00,2024-11-18 23:00:00,MCX COPPER,802.9,804.6,7500,1,12750.0,TimeExit
MCX_Copper_5m_CCI_ADX_MFI_V28,2024-11-19 22:05:00,2024-11-19 23:00:00,MCX COPPER,809.6,811.85,7500,1,16875.0,TimeExit
MCX_Copper_5m_CCI_ADX_MFI_V28,2024-11-21 17:10:00,2024-11-21 22:15:00,MCX COPPER,828.3,824.3,7500,1,-30000.0,StopLoss
MCX_Copper_5m_CCI_ADX_MFI_V28,2024-11-21 22:50:00,2024-11-21 23:00:00,MCX COPPER,824.8,823.4,7500,-1,10500.0,TimeExit
MCX_Copper_5m_CCI_ADX_MFI_V28,2024-11-22 09:40:00,2024-11-22 10:34:00,MCX COPPER,823.55,827.55,7500,-1,-30000.0,StopLoss
MCX_Copper_5m_CCI_ADX_MFI_V28,2024-11-22 12:55:00,2024-11-22 15:03:00,MCX COPPER,827.4,820.15,7500,-1,54375.0,StopLoss
MCX_Copper_5m_CCI_ADX_MFI_V28,2024-11-25 20:45:00,2024-11-25 23:00:00,MCX COPPER,809.25,807.45,7500,-1,13500.0,TimeExit
MCX_Copper_5m_CCI_ADX_MFI_V28,2024-11-27 11:30:00,2024-11-27 13:30:00,MCX COPPER,808.45,808.7,7500,1,1875.0,StopLoss
MCX_Copper_5m_CCI_ADX_MFI_V28,2024-11-27 19:00:00,2024-11-27 23:00:00,MCX COPPER,807.85,808.2,7500,-1,-2625.0,TimeExit
MCX_Copper_5m_CCI_ADX_MFI_V28,2024-11-29 22:11:00,2024-11-29 23:00:00,MCX COPPER,808.5,808.65,7500,-1,-1125.0,TimeExit
MCX_Copper_5m_CCI_ADX_MFI_V28,2024-12-02 20:05:00,2024-12-02 23:00:00,MCX COPPER,809.5,809.25,7500,1,-1875.0,TimeExit
MCX_Copper_5m_CCI_ADX_MFI_V28,2024-12-03 18:45:00,2024-12-03 19:12:00,MCX COPPER,816.65,820.65,7500,-1,-30000.0,StopLoss
MCX_Copper_5m_CCI_ADX_MFI_V28,2024-12-03 19:45:00,2024-12-03 23:00:00,MCX COPPER,824.0,822.75,7500,1,-9375.0,TimeExit
MCX_Copper_5m_CCI_ADX_MFI_V28,2024-12-05 15:10:00,2024-12-05 18:30:00,MCX COPPER,825.45,823.2,7500,-1,16875.0,StopLoss
MCX_Copper_5m_CCI_ADX_MFI_V28,2024-12-06 09:40:00,2024-12-06 17:12:00,MCX COPPER,824.85,825.1,7500,1,1875.0,StopLoss
MCX_Copper_5m_CCI_ADX_MFI_V28,2024-12-06 21:25:00,2024-12-06 23:00:00,MCX COPPER,821.0,822.95,7500,-1,-14625.0,TimeExit
MCX_Copper_5m_CCI_ADX_MFI_V28,2024-12-09 13:40:00,2024-12-09 14:04:00,MCX COPPER,830.0,830.25,7500,1,1875.0,StopLoss
MCX_Copper_5m_CCI_ADX_MFI_V28,2024-12-09 19:35:00,2024-12-09 23:02:00,MCX COPPER,831.75,831.6,7500,1,-1125.0,TimeExit
MCX_Copper_5m_CCI_ADX_MFI_V28,2024-12-10 17:50:00,2024-12-10 21:25:00,MCX COPPER,828.35,829.6,7500,1,9375.0,StopLoss
MCX_Copper_5m_CCI_ADX_MFI_V28,2024-12-11 18:00:00,2024-12-11 19:23:00,MCX COPPER,829.0,829.25,7500,1,1875.0,StopLoss
MCX_Copper_5m_CCI_ADX_MFI_V28,2024-12-11 21:25:00,2024-12-11 23:00:00,MCX COPPER,828.8,829.6,7500,-1,-6000.0,TimeExit
MCX_Copper_5m_CCI_ADX_MFI_V28,2024-12-12 13:00:00,2024-12-12 14:37:00,MCX COPPER,834.5,830.5,7500,1,-30000.0,StopLoss
MCX_Copper_5m_CCI_ADX_MFI_V28,2024-12-12 18:55:00,2024-12-12 20:30:00,MCX COPPER,827.15,823.9,7500,-1,24375.0,StopLoss
MCX_Copper_5m_CCI_ADX_MFI_V28,2024-12-13 17:40:00,2024-12-13 23:01:00,MCX COPPER,820.25,814.15,7500,-1,45750.0,TimeExit
MCX_Copper_5m_CCI_ADX_MFI_V28,2024-12-16 12:05:00,2024-12-16 19:18:00,MCX COPPER,812.15,816.4,7500,1,31875.0,StopLoss
MCX_Copper_5m_CCI_ADX_MFI_V28,2024-12-17 18:50:00,2024-12-17 23:00:00,MCX COPPER,808.1,806.05,7500,1,-15375.0,TimeExit
MCX_Copper_5m_CCI_ADX_MFI_V28,2024-12-18 09:05:00,2024-12-18 13:27:00,MCX COPPER,804.3,804.55,7500,1,1875.0,StopLoss
MCX_Copper_5m_CCI_ADX_MFI_V28,2024-12-18 21:05:00,2024-12-18 23:00:00,MCX COPPER,808.4,809.3,7500,-1,-6750.0,TimeExit
MCX_Copper_5m_CCI_ADX_MFI_V28,2024-12-20 13:30:00,2024-12-20 15:41:00,MCX COPPER,797.4,795.15,7500,-1,16875.0,StopLoss
MCX_Copper_5m_CCI_ADX_MFI_V28,2024-12-20 17:00:00,2024-12-20 21:01:00,MCX COPPER,791.3,795.3,7500,-1,-30000.0,StopLoss
MCX_Copper_5m_CCI_ADX_MFI_V28,2024-12-20 21:40:00,2024-12-20 23:00:00,MCX COPPER,795.25,797.45,7500,1,16500.0,TimeExit
MCX_Copper_5m_CCI_ADX_MFI_V28,2024-12-23 09:20:00,2024-12-23 10:58:00,MCX COPPER,799.1,801.35,7500,1,16875.0,StopLoss
MCX_Copper_5m_CCI_ADX_MFI_V28,2024-12-23 21:00:00,2024-12-23 23:00:00,MCX COPPER,793.25,792.65,7500,-1,4500.0,TimeExit
MCX_Copper_5m_CCI_ADX_MFI_V28,2024-12-24 11:35:00,2024-12-24 17:18:00,MCX COPPER,796.1,801.35,7500,1,39375.0,StopLoss
MCX_Copper_5m_CCI_ADX_MFI_V28,2024-12-30 19:45:00,2024-12-30 23:00:00,MCX COPPER,803.25,802.2,7500,-1,7875.0,TimeExit
MCX_Copper_5m_CCI_ADX_MFI_V28,2024-12-31 11:05:00,2024-12-31 14:18:00,MCX COPPER,801.95,797.95,7500,1,-30000.0,StopLoss
MCX_Copper_5m_CCI_ADX_MFI_V28,2024-12-31 19:00:00,2024-12-31 20:05:00,MCX COPPER,793.85,792.6,7500,-1,9375.0,StopLoss
MCX_Copper_5m_CCI_ADX_MFI_V28,2025-01-01 16:40:00,2025-01-01 16:59:00,MCX COPPER,793.7,794.0,7500,1,2250.0,TimeExit
MCX_Copper_5m_CCI_ADX_MFI_V28,2025-01-02 19:25:00,2025-01-02 23:00:00,MCX COPPER,793.7,795.65,7500,-1,-14625.0,TimeExit
MCX_Copper_5m_CCI_ADX_MFI_V28,2025-01-03 19:45:00,2025-01-03 23:00:00,MCX COPPER,799.4,801.8,7500,1,18000.0,TimeExit
MCX_Copper_5m_CCI_ADX_MFI_V28,2025-01-06 19:10:00,2025-01-06 19:46:00,MCX COPPER,815.45,811.45,7500,1,-30000.0,StopLoss
MCX_Copper_5m_CCI_ADX_MFI_V28,2025-01-07 10:55:00,2025-01-07 12:48:00,MCX COPPER,812.15,816.15,7500,-1,-30000.0,StopLoss
MCX_Copper_5m_CCI_ADX_MFI_V28,2025-01-08 12:30:00,2025-01-08 15:25:00,MCX COPPER,819.1,820.35,7500,1,9375.0,StopLoss
MCX_Copper_5m_CCI_ADX_MFI_V28,2025-01-10 14:25:00,2025-01-10 19:00:00,MCX COPPER,826.5,826.75,7500,1,1875.0,StopLoss
MCX_Copper_5m_CCI_ADX_MFI_V28,2025-01-10 19:05:00,2025-01-10 20:08:00,MCX COPPER,824.1,827.35,7500,1,24375.0,StopLoss
MCX_Copper_5m_CCI_ADX_MFI_V28,2025-01-10 21:30:00,2025-01-10 23:00:00,MCX COPPER,826.4,825.75,7500,-1,4875.0,TimeExit
MCX_Copper_5m_CCI_ADX_MFI_V28,2025-01-13 13:55:00,2025-01-13 18:40:00,MCX COPPER,830.0,826.0,7500,1,-30000.0,StopLoss
MCX_Copper_5m_CCI_ADX_MFI_V28,2025-01-14 14:10:00,2025-01-14 17:07:00,MCX COPPER,828.7,828.95,7500,1,1875.0,StopLoss
MCX_Copper_5m_CCI_ADX_MFI_V28,2025-01-15 18:56:00,2025-01-15 23:00:00,MCX COPPER,826.9,832.1,7500,1,39000.0,TimeExit
MCX_Copper_5m_CCI_ADX_MFI_V28,2025-01-17 14:30:00,2025-01-17 18:33:00,MCX COPPER,839.0,835.0,7500,1,-30000.0,StopLoss
MCX_Copper_5m_CCI_ADX_MFI_V28,2025-01-17 20:00:00,2025-01-17 23:00:00,MCX COPPER,830.75,832.0,7500,-1,-9375.0,TimeExit
MCX_Copper_5m_CCI_ADX_MFI_V28,2025-01-21 19:05:00,2025-01-21 23:00:00,MCX COPPER,832.5,833.1,7500,1,4500.0,TimeExit
MCX_Copper_5m_CCI_ADX_MFI_V28,2025-01-22 13:55:00,2025-01-22 23:02:00,MCX COPPER,830.75,831.3,7500,-1,-4125.0,TimeExit
MCX_Copper_5m_CCI_ADX_MFI_V28,2025-01-23 14:10:00,2025-01-23 23:01:00,MCX COPPER,827.25,832.65,7500,1,40500.0,TimeExit
MCX_Copper_5m_CCI_ADX_MFI_V28,2025-01-24 09:32:00,2025-01-24 12:27:00,MCX COPPER,836.7,841.95,7500,1,39375.0,StopLoss
MCX_Copper_5m_CCI_ADX_MFI_V28,2025-01-24 20:00:00,2025-01-24 23:00:00,MCX COPPER,841.75,842.5,7500,-1,-5625.0,TimeExit
MCX_Copper_5m_CCI_ADX_MFI_V28,2025-01-27 17:50:00,2025-01-27 21:25:00,MCX COPPER,832.15,828.15,7500,1,-30000.0,StopLoss
MCX_Copper_5m_CCI_ADX_MFI_V28,2025-01-28 11:15:00,2025-01-28 23:00:00,MCX COPPER,828.2,826.0,7500,1,-16500.0,TimeExit
MCX_Copper_5m_CCI_ADX_MFI_V28,2025-01-29 09:35:00,2025-01-29 15:16:00,MCX COPPER,823.75,822.5,7500,-1,9375.0,StopLoss
MCX_Copper_5m_CCI_ADX_MFI_V28,2025-01-29 17:40:00,2025-01-29 18:47:00,MCX COPPER,824.6,825.85,7500,1,9375.0,StopLoss
MCX_Copper_5m_CCI_ADX_MFI_V28,2025-01-31 12:20:00,2025-01-31 20:43:00,MCX COPPER,829.75,829.5,7500,-1,1875.0,StopLoss
MCX_Copper_5m_CCI_ADX_MFI_V28,2025-02-03 11:36:00,2025-02-03 14:33:00,MCX COPPER,822.8,826.8,7500,-1,-30000.0,StopLoss
MCX_Copper_5m_CCI_ADX_MFI_V28,2025-02-05 09:30:00,2025-02-05 16:24:00,MCX COPPER,841.1,842.35,7500,1,9375.0,StopLoss
MCX_Copper_5m_CCI_ADX_MFI_V28,2025-02-05 16:55:00,2025-02-05 19:50:00,MCX COPPER,841.9,841.65,7500,-1,1875.0,StopLoss
MCX_Copper_5m_CCI_ADX_MFI_V28,2025-02-06 15:45:00,2025-02-06 21:22:00,MCX COPPER,857.6,853.35,7500,-1,31875.0,StopLoss
MCX_Copper_5m_CCI_ADX_MFI_V28,2025-02-10 13:20:00,2025-02-10 21:07:00,MCX COPPER,863.7,867.7,7500,-1,-30000.0,StopLoss
MCX_Copper_5m_CCI_ADX_MFI_V28,2025-02-11 09:05:00,2025-02-11 09:48:00,MCX COPPER,864.2,860.2,7500,1,-30000.0,StopLoss
MCX_Copper_5m_CCI_ADX_MFI_V28,2025-02-12 21:55:00,2025-02-12 23:00:00,MCX COPPER,861.15,864.2,7500,1,22875.0,TimeExit
MCX_Copper_5m_CCI_ADX_MFI_V28,2025-02-14 19:55:00,2025-02-14 21:11:00,MCX COPPER,872.3,865.05,7500,-1,54375.0,StopLoss
MCX_Copper_5m_CCI_ADX_MFI_V28,2025-02-18 19:10:00,2025-02-18 21:37:00,MCX COPPER,862.65,862.4,7500,-1,1875.0,StopLoss
MCX_Copper_5m_CCI_ADX_MFI_V28,2025-02-19 16:15:00,2025-02-19 17:30:00,MCX COPPER,874.25,870.25,7500,1,-30000.0,StopLoss
MCX_Copper_5m_CCI_ADX_MFI_V28,2025-02-19 17:55:00,2025-02-19 21:04:00,MCX COPPER,871.3,869.05,7500,-1,16875.0,StopLoss
MCX_Copper_5m_CCI_ADX_MFI_V28,2025-02-20 09:41:00,2025-02-20 23:00:00,MCX COPPER,871.65,869.4,7500,1,-16875.0,TimeExit
MCX_Copper_5m_CCI_ADX_MFI_V28,2025-02-21 12:25:00,2025-02-21 14:30:00,MCX COPPER,866.1,864.85,7500,-1,9375.0,StopLoss
MCX_Copper_5m_CCI_ADX_MFI_V28,2025-02-24 18:10:00,2025-02-24 21:27:00,MCX COPPER,866.45,864.2,7500,-1,16875.0,StopLoss
MCX_Copper_5m_CCI_ADX_MFI_V28,2025-02-25 19:00:00,2025-02-25 20:41:00,MCX COPPER,869.25,865.25,7500,1,-30000.0,StopLoss
MCX_Copper_5m_CCI_ADX_MFI_V28,2025-02-27 19:25:00,2025-02-27 20:05:00,MCX COPPER,865.5,865.75,7500,1,1875.0,StopLoss
MCX_Copper_5m_CCI_ADX_MFI_V28,2025-02-27 21:45:00,2025-02-27 23:00:00,MCX COPPER,863.25,864.55,7500,-1,-9750.0,TimeExit
MCX_Copper_5m_CCI_ADX_MFI_V28,2025-02-28 20:41:00,2025-02-28 23:00:00,MCX COPPER,860.65,861.3,7500,-1,-4875.0,TimeExit
MCX_Copper_5m_CCI_ADX_MFI_V28,2025-03-03 09:40:00,2025-03-03 13:31:00,MCX COPPER,864.4,860.4,7500,1,-30000.0,StopLoss
MCX_Copper_5m_CCI_ADX_MFI_V28,2025-03-03 16:30:00,2025-03-03 20:32:00,MCX COPPER,863.0,866.25,7500,1,24375.0,StopLoss
MCX_Copper_5m_CCI_ADX_MFI_V28,2025-03-04 14:21:00,2025-03-04 20:07:00,MCX COPPER,863.0,863.25,7500,1,1875.0,StopLoss
MCX_Copper_5m_CCI_ADX_MFI_V28,2025-03-05 09:31:00,2025-03-05 13:13:00,MCX COPPER,864.1,874.35,7500,1,76875.0,StopLoss
MCX_Copper_5m_CCI_ADX_MFI_V28,2025-03-05 16:15:00,2025-03-05 21:19:00,MCX COPPER,877.7,877.95,7500,1,1875.0,StopLoss
MCX_Copper_5m_CCI_ADX_MFI_V28,2025-03-05 22:35:00,2025-03-05 23:00:00,MCX COPPER,880.35,880.6,7500,1,1875.0,TimeExit
MCX_Copper_5m_CCI_ADX_MFI_V28,2025-03-06 11:40:00,2025-03-06 19:46:00,MCX COPPER,883.0,887.0,7500,-1,-30000.0,StopLoss
MCX_Copper_5m_CCI_ADX_MFI_V28,2025-03-06 22:30:00,2025-03-06 23:00:00,MCX COPPER,892.1,890.5,7500,1,-12000.0,TimeExit
MCX_Copper_5m_CCI_ADX_MFI_V28,2025-03-07 18:50:00,2025-03-07 19:49:00,MCX COPPER,885.5,884.25,7500,-1,9375.0,StopLoss
MCX_Copper_5m_CCI_ADX_MFI_V28,2025-03-07 23:00:00,2025-03-07 23:00:00,MCX COPPER,881.45,881.45,7500,-1,-0.0,TimeExit
MCX_Copper_5m_CCI_ADX_MFI_V28,2025-03-10 13:35:00,2025-03-10 14:45:00,MCX COPPER,880.2,877.95,7500,-1,16875.0,StopLoss
MCX_Copper_5m_CCI_ADX_MFI_V28,2025-03-11 19:55:00,2025-03-11 23:00:00,MCX COPPER,885.85,887.8,7500,1,14625.0,TimeExit
MCX_Copper_5m_CCI_ADX_MFI_V28,2025-03-12 11:55:00,2025-03-12 15:30:00,MCX COPPER,893.75,894.0,7500,1,1875.0,StopLoss
MCX_Copper_5m_CCI_ADX_MFI_V28,2025-03-12 20:25:00,2025-03-12 23:00:00,MCX COPPER,896.8,898.5,7500,-1,-12750.0,TimeExit
MCX_Copper_5m_CCI_ADX_MFI_V28,2025-03-17 12:45:00,2025-03-17 17:46:00,MCX COPPER,900.0,900.25,7500,1,1875.0,StopLoss
MCX_Copper_5m_CCI_ADX_MFI_V28,2025-03-17 20:25:00,2025-03-17 23:00:00,MCX COPPER,901.0,905.4,7500,1,33000.0,TimeExit
MCX_Copper_5m_CCI_ADX_MFI_V28,2025-03-18 17:25:00,2025-03-18 19:10:00,MCX COPPER,903.7,904.95,7500,1,9375.0,StopLoss
MCX_Copper_5m_CCI_ADX_MFI_V28,2025-03-20 19:10:00,2025-03-20 23:00:00,MCX COPPER,907.45,907.3,7500,-1,1125.0,TimeExit
MCX_Copper_5m_CCI_ADX_MFI_V28,2025-03-21 11:30:00,2025-03-21 17:40:00,MCX COPPER,903.8,899.55,7500,-1,31875.0,StopLoss
MCX_Copper_5m_CCI_ADX_MFI_V28,2025-03-24 10:40:00,2025-03-24 14:08:00,MCX COPPER,905.25,910.5,7500,1,39375.0,StopLoss
MCX_Copper_5m_CCI_ADX_MFI_V28,2025-03-24 16:36:00,2025-03-24 20:04:00,MCX COPPER,911.75,907.75,7500,1,-30000.0,StopLoss
MCX_Copper_5m_CCI_ADX_MFI_V28,2025-03-25 11:30:00,2025-03-25 23:00:00,MCX COPPER,908.7,916.9,7500,1,61500.0,TimeExit
MCX_Copper_5m_CCI_ADX_MFI_V28,2025-03-26 14:05:00,2025-03-26 15:09:00,MCX COPPER,911.6,911.35,7500,-1,1875.0,StopLoss
MCX_Copper_5m_CCI_ADX_MFI_V28,2025-03-27 14:20:00,2025-03-27 15:31:00,MCX COPPER,905.4,904.15,7500,-1,9375.0,StopLoss
MCX_Copper_5m_CCI_ADX_MFI_V28,2025-03-27 22:10:00,2025-03-27 23:00:00,MCX COPPER,900.8,901.4,7500,1,4500.0,TimeExit
MCX_Copper_5m_CCI_ADX_MFI_V28,2025-03-28 21:35:00,2025-03-28 23:00:00,MCX COPPER,899.8,898.05,7500,-1,13125.0,TimeExit
MCX_Copper_5m_CCI_ADX_MFI_V28,2025-04-01 15:30:00,2025-04-01 20:14:00,MCX COPPER,895.55,894.3,7500,-1,9375.0,StopLoss
MCX_Copper_5m_CCI_ADX_MFI_V28,2025-04-02 22:35:00,2025-04-02 23:01:00,MCX COPPER,890.9,890.6,7500,-1,2250.0,TimeExit
MCX_Copper_5m_CCI_ADX_MFI_V28,2025-04-03 13:00:00,2025-04-03 13:16:00,MCX COPPER,877.5,877.25,7500,-1,1875.0,StopLoss
MCX_Copper_5m_CCI_ADX_MFI_V28,2025-04-03 14:30:00,2025-04-03 16:29:00,MCX COPPER,879.35,875.35,7500,1,-30000.0,StopLoss
MCX_Copper_5m_CCI_ADX_MFI_V28,2025-04-03 18:50:00,2025-04-03 19:47:00,MCX COPPER,870.2,869.95,7500,-1,1875.0,StopLoss
MCX_Copper_5m_CCI_ADX_MFI_V28,2025-04-03 20:35:00,2025-04-03 22:09:00,MCX COPPER,870.85,866.85,7500,1,-30000.0,StopLoss
MCX_Copper_5m_CCI_ADX_MFI_V28,2025-04-03 22:40:00,2025-04-03 23:02:00,MCX COPPER,866.3,866.15,7500,-1,1125.0,TimeExit
MCX_Copper_5m_CCI_ADX_MFI_V28,2025-04-04 09:45:00,2025-04-04 14:39:00,MCX COPPER,855.2,843.95,7500,-1,84375.0,StopLoss
MCX_Copper_5m_CCI_ADX_MFI_V28,2025-04-04 18:05:00,2025-04-04 18:10:00,MCX COPPER,824.0,820.75,7500,-1,24375.0,StopLoss
MCX_Copper_5m_CCI_ADX_MFI_V28,2025-04-07 09:25:00,2025-04-07 09:31:00,MCX COPPER,812.35,815.6,7500,1,24375.0,StopLoss
MCX_Copper_5m_CCI_ADX_MFI_V28,2025-04-07 13:20:00,2025-04-07 13:34:00,MCX COPPER,798.95,798.7,7500,-1,1875.0,StopLoss
MCX_Copper_5m_CCI_ADX_MFI_V28,2025-04-08 09:35:00,2025-04-08 10:59:00,MCX COPPER,812.7,808.7,7500,1,-30000.0,StopLoss
MCX_Copper_5m_CCI_ADX_MFI_V28,2025-04-08 17:40:00,2025-04-08 19:26:00,MCX COPPER,814.95,810.95,7500,1,-30000.0,StopLoss
MCX_Copper_5m_CCI_ADX_MFI_V28,2025-04-09 17:00:00,2025-04-09 17:18:00,MCX COPPER,802.35,800.1,7500,-1,16875.0,StopLoss
MCX_Copper_5m_CCI_ADX_MFI_V28,2025-04-09 18:20:00,2025-04-09 18:49:00,MCX COPPER,798.35,802.35,7500,-1,-30000.0,StopLoss
MCX_Copper_5m_CCI_ADX_MFI_V28,2025-04-11 09:10:00,2025-04-11 09:42:00,MCX COPPER,825.6,827.85,7500,1,16875.0,StopLoss
MCX_Copper_5m_CCI_ADX_MFI_V28,2025-04-11 13:20:00,2025-04-11 13:30:00,MCX COPPER,838.1,834.1,7500,1,-30000.0,StopLoss
MCX_Copper_5m_CCI_ADX_MFI_V28,2025-04-11 17:25:00,2025-04-11 21:17:00,MCX COPPER,835.95,839.95,7500,-1,-30000.0,StopLoss
MCX_Copper_5m_CCI_ADX_MFI_V28,2025-04-16 09:35:00,2025-04-16 11:51:00,MCX COPPER,833.7,831.45,7500,-1,16875.0,StopLoss
MCX_Copper_5m_CCI_ADX_MFI_V28,2025-04-17 12:20:00,2025-04-17 12:49:00,MCX COPPER,838.0,837.75,7500,-1,1875.0,StopLoss
MCX_Copper_5m_CCI_ADX_MFI_V28,2025-04-17 22:50:00,2025-04-17 23:00:00,MCX COPPER,844.0,844.3,7500,1,2250.0,TimeExit
MCX_Copper_5m_CCI_ADX_MFI_V28,2025-04-21 21:10:00,2025-04-21 23:00:00,MCX COPPER,849.45,843.4,7500,-1,45375.0,TimeExit
MCX_Copper_5m_CCI_ADX_MFI_V28,2025-04-23 18:21:00,2025-04-23 19:53:00,MCX COPPER,856.25,855.0,7500,-1,9375.0,StopLoss
MCX_Copper_5m_CCI_ADX_MFI_V28,2025-04-24 20:40:00,2025-04-24 23:00:00,MCX COPPER,852.05,854.0,7500,1,14625.0,TimeExit
MCX_Copper_5m_CCI_ADX_MFI_V28,2025-04-25 20:35:00,2025-04-25 23:01:00,MCX COPPER,847.5,849.75,7500,-1,-16875.0,TimeExit
MCX_Copper_5m_CCI_ADX_MFI_V28,2025-04-29 15:30:00,2025-04-29 20:00:00,MCX COPPER,858.7,854.7,7500,1,-30000.0,StopLoss
MCX_Copper_5m_CCI_ADX_MFI_V28,2025-04-30 18:15:00,2025-04-30 18:41:00,MCX COPPER,824.0,823.75,7500,-1,1875.0,StopLoss
MCX_Copper_5m_CCI_ADX_MFI_V28,2025-05-01 17:21:00,2025-05-01 18:32:00,MCX COPPER,825.3,826.55,7500,1,9375.0,StopLoss
MCX_Copper_5m_CCI_ADX_MFI_V28,2025-05-02 14:00:00,2025-05-02 14:37:00,MCX COPPER,837.35,837.6,7500,1,1875.0,StopLoss
MCX_Copper_5m_CCI_ADX_MFI_V28,2025-05-02 21:20:00,2025-05-02 23:00:00,MCX COPPER,840.4,842.25,7500,-1,-13875.0,TimeExit
MCX_Copper_5m_CCI_ADX_MFI_V28,2025-05-06 18:05:00,2025-05-06 21:25:00,MCX COPPER,847.0,850.25,7500,1,24375.0,StopLoss
MCX_Copper_5m_CCI_ADX_MFI_V28,2025-05-07 09:35:00,2025-05-07 13:16:00,MCX COPPER,848.0,852.0,7500,-1,-30000.0,StopLoss
MCX_Copper_5m_CCI_ADX_MFI_V28,2025-05-07 16:30:00,2025-05-07 21:04:00,MCX COPPER,848.0,845.75,7500,-1,16875.0,StopLoss
MCX_Copper_5m_CCI_ADX_MFI_V28,2025-05-08 09:31:00,2025-05-08 11:55:00,MCX COPPER,847.5,843.5,7500,1,-30000.0,StopLoss
MCX_Copper_5m_CCI_ADX_MFI_V28,2025-05-09 09:35:00,2025-05-09 13:02:00,MCX COPPER,850.35,848.1,7500,-1,16875.0,StopLoss
MCX_Copper_5m_CCI_ADX_MFI_V28,2025-05-09 13:35:00,2025-05-09 19:50:00,MCX COPPER,849.4,852.65,7500,1,24375.0,StopLoss
MCX_Copper_5m_CCI_ADX_MFI_V28,2025-05-12 10:35:00,2025-05-12 12:30:00,MCX COPPER,850.3,854.3,7500,-1,-30000.0,StopLoss
MCX_Copper_5m_CCI_ADX_MFI_V28,2025-05-12 20:30:00,2025-05-12 22:13:00,MCX COPPER,851.4,851.15,7500,-1,1875.0,StopLoss
MCX_Copper_5m_CCI_ADX_MFI_V28,2025-05-15 16:00:00,2025-05-15 17:37:00,MCX COPPER,855.55,855.8,7500,1,1875.0,StopLoss
MCX_Copper_5m_CCI_ADX_MFI_V28,2025-05-15 19:05:00,2025-05-15 23:00:00,MCX COPPER,857.0,862.0,7500,1,37500.0,TimeExit
MCX_Copper_5m_CCI_ADX_MFI_V28,2025-05-16 11:50:00,2025-05-16 15:52:00,MCX COPPER,861.25,856.0,7500,-1,39375.0,StopLoss
MCX_Copper_5m_CCI_ADX_MFI_V28,2025-05-16 18:05:00,2025-05-16 23:00:00,MCX COPPER,854.0,852.35,7500,-1,12375.0,TimeExit
MCX_Copper_5m_CCI_ADX_MFI_V28,2025-05-20 10:40:00,2025-05-20 13:30:00,MCX COPPER,853.25,852.0,7500,-1,9375.0,StopLoss
MCX_Copper_5m_CCI_ADX_MFI_V28,2025-05-21 11:40:00,2025-05-21 23:00:00,MCX COPPER,861.1,857.1,7500,1,-30000.0,StopLoss
MCX_Copper_5m_CCI_ADX_MFI_V28,2025-05-23 17:50:00,2025-05-23 19:44:00,MCX COPPER,853.9,857.9,7500,-1,-30000.0,StopLoss
MCX_Copper_5m_CCI_ADX_MFI_V28,2025-05-26 18:30:00,2025-05-26 23:00:00,MCX COPPER,865.95,866.05,7500,-1,-750.0,TimeExit
MCX_Copper_5m_CCI_ADX_MFI_V28,2025-05-27 09:05:00,2025-05-27 14:04:00,MCX COPPER,864.0,864.25,7500,1,1875.0,StopLoss
MCX_Copper_5m_CCI_ADX_MFI_V28,2025-05-27 19:45:00,2025-05-27 23:00:00,MCX COPPER,866.25,864.1,7500,-1,16125.0,TimeExit
MCX_Copper_5m_CCI_ADX_MFI_V28,2025-05-28 13:05:00,2025-05-28 21:02:00,MCX COPPER,865.9,861.9,7500,1,-30000.0,StopLoss
MCX_Copper_5m_CCI_ADX_MFI_V28,2025-05-28 21:20:00,2025-05-28 23:00:00,MCX COPPER,862.3,862.5,7500,-1,-1500.0,TimeExit
MCX_Copper_5m_CCI_ADX_MFI_V28,2025-05-29 09:25:00,2025-05-29 13:55:00,MCX COPPER,863.05,865.3,7500,1,16875.0,StopLoss
MCX_Copper_5m_CCI_ADX_MFI_V28,2025-05-29 21:45:00,2025-05-29 23:01:00,MCX COPPER,862.6,862.25,7500,-1,2625.0,TimeExit
MCX_Copper_5m_CCI_ADX_MFI_V28,2025-05-30 11:31:00,2025-05-30 18:30:00,MCX COPPER,862.6,863.85,7500,1,9375.0,StopLoss
MCX_Copper_5m_CCI_ADX_MFI_V28,2025-05-30 18:35:00,2025-05-30 19:31:00,MCX COPPER,863.6,859.6,7500,1,-30000.0,StopLoss
MCX_Copper_5m_CCI_ADX_MFI_V28,2025-06-02 12:00:00,2025-06-02 17:55:00,MCX COPPER,866.1,870.1,7500,-1,-30000.0,StopLoss
MCX_Copper_5m_CCI_ADX_MFI_V28,2025-06-02 18:10:00,2025-06-02 23:01:00,MCX COPPER,869.45,867.45,7500,1,-15000.0,TimeExit
MCX_Copper_5m_CCI_ADX_MFI_V28,2025-06-03 11:20:00,2025-06-03 17:05:00,MCX COPPER,862.8,866.8,7500,-1,-30000.0,StopLoss
MCX_Copper_5m_CCI_ADX_MFI_V28,2025-06-05 09:51:00,2025-06-05 14:55:00,MCX COPPER,874.8,878.8,7500,-1,-30000.0,StopLoss
MCX_Copper_5m_CCI_ADX_MFI_V28,2025-06-05 16:10:00,2025-06-05 16:57:00,MCX COPPER,883.5,883.75,7500,1,1875.0,StopLoss
MCX_Copper_5m_CCI_ADX_MFI_V28,2025-06-09 11:30:00,2025-06-09 17:41:00,MCX COPPER,876.25,880.25,7500,-1,-30000.0,StopLoss
MCX_Copper_5m_CCI_ADX_MFI_V28,2025-06-09 21:00:00,2025-06-09 23:00:00,MCX COPPER,883.8,882.7,7500,1,-8250.0,TimeExit
MCX_Copper_5m_CCI_ADX_MFI_V28,2025-06-10 13:20:00,2025-06-10 19:38:00,MCX COPPER,880.75,881.0,7500,1,1875.0,StopLoss
MCX_Copper_5m_CCI_ADX_MFI_V28,2025-06-11 13:05:00,2025-06-11 14:50:00,MCX COPPER,879.2,870.95,7500,-1,61875.0,StopLoss
MCX_Copper_5m_CCI_ADX_MFI_V28,2025-06-11 17:00:00,2025-06-11 18:01:00,MCX COPPER,870.05,874.05,7500,-1,-30000.0,StopLoss
MCX_Copper_5m_CCI_ADX_MFI_V28,2025-06-12 11:55:00,2025-06-12 13:38:00,MCX COPPER,874.9,872.65,7500,-1,16875.0,StopLoss
MCX_Copper_5m_CCI_ADX_MFI_V28,2025-06-13 18:25:00,2025-06-13 22:18:00,MCX COPPER,870.3,874.55,7500,1,31875.0,StopLoss
MCX_Copper_5m_CCI_ADX_MFI_V28,2025-06-16 12:25:00,2025-06-16 13:56:00,MCX COPPER,876.9,878.15,7500,1,9375.0,StopLoss
MCX_Copper_5m_CCI_ADX_MFI_V28,2025-06-17 22:30:00,2025-06-17 23:02:00,MCX COPPER,880.1,880.1,7500,1,0.0,TimeExit
MCX_Copper_5m_CCI_ADX_MFI_V28,2025-06-18 10:45:00,2025-06-18 23:00:00,MCX COPPER,882.15,879.65,7500,1,-18750.0,TimeExit
MCX_Copper_5m_CCI_ADX_MFI_V28,2025-06-19 16:30:00,2025-06-19 23:01:00,MCX COPPER,878.65,878.9,7500,1,1875.0,TimeExit
MCX_Copper_5m_CCI_ADX_MFI_V28,2025-06-20 20:10:00,2025-06-20 21:53:00,MCX COPPER,879.0,878.75,7500,-1,1875.0,StopLoss
MCX_Copper_5m_CCI_ADX_MFI_V28,2025-06-23 18:25:00,2025-06-23 23:00:00,MCX COPPER,885.15,888.4,7500,-1,-24375.0,TimeExit
MCX_Copper_5m_CCI_ADX_MFI_V28,2025-06-24 15:10:00,2025-06-24 18:55:00,MCX COPPER,887.75,883.75,7500,1,-30000.0,StopLoss
MCX_Copper_5m_CCI_ADX_MFI_V28,2025-06-25 15:25:00,2025-06-25 23:00:00,MCX COPPER,884.0,886.0,7500,-1,-15000.0,TimeExit
MCX_Copper_5m_CCI_ADX_MFI_V28,2025-06-26 10:52:00,2025-06-26 14:19:00,MCX COPPER,887.5,891.5,7500,-1,-30000.0,StopLoss
MCX_Copper_5m_CCI_ADX_MFI_V28,2025-06-26 15:00:00,2025-06-26 18:04:00,MCX COPPER,893.5,893.75,7500,1,1875.0,StopLoss
MCX_Copper_5m_CCI_ADX_MFI_V28,2025-07-01 15:15:00,2025-07-01 20:06:00,MCX COPPER,899.05,902.3,7500,1,24375.0,StopLoss
MCX_Copper_5m_CCI_ADX_MFI_V28,2025-07-04 15:15:00,2025-07-04 23:01:00,MCX COPPER,891.65,892.05,7500,1,3000.0,TimeExit
MCX_Copper_5m_CCI_ADX_MFI_V28,2025-07-08 20:40:00,2025-07-08 22:26:00,MCX COPPER,887.7,891.7,7500,-1,-30000.0,StopLoss
MCX_Copper_5m_CCI_ADX_MFI_V28,2025-07-08 22:50:00,2025-07-08 22:55:00,MCX COPPER,891.8,893.05,7500,1,9375.0,StopLoss
MCX_Copper_5m_CCI_ADX_MFI_V28,2025-07-09 18:07:00,2025-07-09 23:00:00,MCX COPPER,883.25,883.55,7500,-1,-2250.0,TimeExit
MCX_Copper_5m_CCI_ADX_MFI_V28,2025-07-11 13:10:00,2025-07-11 18:36:00,MCX COPPER,883.85,882.6,7500,-1,9375.0,StopLoss
MCX_Copper_5m_CCI_ADX_MFI_V28,2025-07-14 11:40:00,2025-07-14 18:41:00,MCX COPPER,884.9,880.65,7500,-1,31875.0,StopLoss
MCX_Copper_5m_CCI_ADX_MFI_V28,2025-07-14 20:45:00,2025-07-14 23:00:00,MCX COPPER,882.45,882.3,7500,1,-1125.0,TimeExit
MCX_Copper_5m_CCI_ADX_MFI_V28,2025-07-15 09:46:00,2025-07-15 23:00:00,MCX COPPER,880.45,883.5,7500,-1,-22875.0,TimeExit
MCX_Copper_5m_CCI_ADX_MFI_V28,2025-07-16 11:35:00,2025-07-16 23:02:00,MCX COPPER,880.5,881.3,7500,-1,-6000.0,TimeExit
MCX_Copper_5m_CCI_ADX_MFI_V28,2025-07-17 19:37:00,2025-07-17 23:00:00,MCX COPPER,880.25,882.6,7500,1,17625.0,TimeExit
MCX_Copper_5m_CCI_ADX_MFI_V28,2025-07-18 10:50:00,2025-07-18 17:09:00,MCX COPPER,885.5,887.75,7500,1,16875.0,StopLoss
MCX_Copper_5m_CCI_ADX_MFI_V28,2025-07-22 21:05:00,2025-07-22 23:00:00,MCX COPPER,898.8,898.45,7500,1,-2625.0,TimeExit
MCX_Copper_5m_CCI_ADX_MFI_V28,2025-07-23 15:00:00,2025-07-23 23:00:00,MCX COPPER,900.6,898.35,7500,1,-16875.0,TimeExit
MCX_Copper_5m_CCI_ADX_MFI_V28,2025-07-24 11:20:00,2025-07-24 18:04:00,MCX COPPER,899.9,895.9,7500,1,-30000.0,StopLoss
MCX_Copper_5m_CCI_ADX_MFI_V28,2025-07-25 09:30:00,2025-07-25 23:03:00,MCX COPPER,892.05,889.1,7500,-1,22125.0,TimeExit
MCX_Copper_5m_CCI_ADX_MFI_V28,2025-07-28 19:35:00,2025-07-28 19:57:00,MCX COPPER,897.45,896.2,7500,-1,9375.0,StopLoss
MCX_Copper_5m_CCI_ADX_MFI_V28,2025-07-29 19:21:00,2025-07-29 22:09:00,MCX COPPER,898.8,899.05,7500,1,1875.0,StopLoss
MCX_Copper_5m_CCI_ADX_MFI_V28,2025-07-31 09:30:00,2025-07-31 09:38:00,MCX COPPER,882.4,886.4,7500,-1,-30000.0,StopLoss
MCX_Copper_5m_CCI_ADX_MFI_V28,2025-07-31 12:30:00,2025-07-31 12:57:00,MCX COPPER,877.15,874.9,7500,-1,16875.0,StopLoss
MCX_Copper_5m_CCI_ADX_MFI_V28,2025-07-31 13:05:00,2025-07-31 16:49:00,MCX COPPER,877.25,877.0,7500,-1,1875.0,StopLoss
MCX_Copper_5m_CCI_ADX_MFI_V28,2025-08-01 09:26:00,2025-08-01 11:51:00,MCX COPPER,878.25,878.5,7500,1,1875.0,StopLoss
MCX_Copper_5m_CCI_ADX_MFI_V28,2025-08-01 19:45:00,2025-08-01 23:00:00,MCX COPPER,877.9,878.6,7500,-1,-5250.0,TimeExit
MCX_Copper_5m_CCI_ADX_MFI_V28,2025-08-04 17:05:00,2025-08-04 23:00:00,MCX COPPER,885.55,887.0,7500,1,10875.0,TimeExit
MCX_Copper_5m_CCI_ADX_MFI_V28,2025-08-05 11:10:00,2025-08-05 23:01:00,MCX COPPER,887.5,880.9,7500,-1,49500.0,TimeExit
MCX_Copper_5m_CCI_ADX_MFI_V28,2025-08-06 18:05:00,2025-08-06 23:01:00,MCX COPPER,884.0,883.45,7500,1,-4125.0,TimeExit
MCX_Copper_5m_CCI_ADX_MFI_V28,2025-08-07 11:00:00,2025-08-07 19:10:00,MCX COPPER,884.25,884.0,7500,-1,1875.0,StopLoss
MCX_Copper_5m_CCI_ADX_MFI_V28,2025-08-08 18:20:00,2025-08-08 19:43:00,MCX COPPER,885.0,885.25,7500,1,1875.0,StopLoss
MCX_Copper_5m_CCI_ADX_MFI_V28,2025-08-12 12:26:00,2025-08-12 19:44:00,MCX COPPER,887.2,890.45,7500,1,24375.0,StopLoss
MCX_Copper_5m_CCI_ADX_MFI_V28,2025-08-12 20:25:00,2025-08-12 23:00:00,MCX COPPER,892.25,892.65,7500,1,3000.0,TimeExit
MCX_Copper_5m_CCI_ADX_MFI_V28,2025-08-14 13:35:00,2025-08-14 18:30:00,MCX COPPER,887.65,886.4,7500,-1,9375.0,StopLoss
MCX_Copper_5m_CCI_ADX_MFI_V28,2025-08-19 15:55:00,2025-08-19 23:01:00,MCX COPPER,878.75,873.55,7500,-1,39000.0,TimeExit
MCX_Copper_5m_CCI_ADX_MFI_V28,2025-08-20 18:51:00,2025-08-20 23:01:00,MCX COPPER,872.9,873.8,7500,1,6750.0,TimeExit
MCX_Copper_5m_CCI_ADX_MFI_V28,2025-08-21 18:01:00,2025-08-21 23:00:00,MCX COPPER,872.7,877.2,7500,1,33750.0,TimeExit
MCX_Copper_5m_CCI_ADX_MFI_V28,2025-08-22 12:25:00,2025-08-22 20:53:00,MCX COPPER,876.5,880.5,7500,-1,-30000.0,StopLoss
MCX_Copper_5m_CCI_ADX_MFI_V28,2025-08-25 15:20:00,2025-08-25 23:02:00,MCX COPPER,890.2,890.45,7500,-1,-1875.0,TimeExit
MCX_Copper_5m_CCI_ADX_MFI_V28,2025-08-28 09:36:00,2025-08-28 12:34:00,MCX COPPER,884.3,888.3,7500,-1,-30000.0,StopLoss
MCX_Copper_5m_CCI_ADX_MFI_V28,2025-08-28 13:05:00,2025-08-28 23:00:00,MCX COPPER,887.5,891.05,7500,1,26625.0,TimeExit
MCX_Copper_5m_CCI_ADX_MFI_V28,2025-08-29 11:55:00,2025-08-29 15:55:00,MCX COPPER,894.1,899.35,7500,1,39375.0,StopLoss
MCX_Copper_5m_CCI_ADX_MFI_V28,2025-09-02 09:05:00,2025-09-02 13:57:00,MCX COPPER,900.95,897.7,7500,-1,24375.0,StopLoss
MCX_Copper_5m_CCI_ADX_MFI_V28,2025-09-02 14:32:00,2025-09-02 16:41:00,MCX COPPER,897.85,898.1,7500,1,1875.0,StopLoss
MCX_Copper_5m_CCI_ADX_MFI_V28,2025-09-03 17:20:00,2025-09-03 18:46:00,MCX COPPER,905.35,905.1,7500,-1,1875.0,StopLoss
MCX_Copper_5m_CCI_ADX_MFI_V28,2025-09-04 12:36:00,2025-09-04 23:00:00,MCX COPPER,901.1,899.9,7500,1,-9000.0,TimeExit
MCX_Copper_5m_CCI_ADX_MFI_V28,2025-09-05 14:10:00,2025-09-05 23:00:00,MCX COPPER,905.0,897.35,7500,-1,57375.0,TimeExit
MCX_Copper_5m_CCI_ADX_MFI_V28,2025-09-08 09:30:00,2025-09-08 12:57:00,MCX COPPER,898.9,899.15,7500,1,1875.0,StopLoss
MCX_Copper_5m_CCI_ADX_MFI_V28,2025-09-09 16:00:00,2025-09-09 23:00:00,MCX COPPER,903.2,902.5,7500,1,-5250.0,TimeExit
MCX_Copper_5m_CCI_ADX_MFI_V28,2025-09-11 09:30:00,2025-09-11 18:12:00,MCX COPPER,906.6,910.6,7500,-1,-30000.0,StopLoss
MCX_Copper_5m_CCI_ADX_MFI_V28,2025-09-12 14:06:00,2025-09-12 19:26:00,MCX COPPER,917.4,915.15,7500,-1,16875.0,StopLoss
MCX_Copper_5m_CCI_ADX_MFI_V28,2025-09-15 09:05:00,2025-09-15 18:48:00,MCX COPPER,915.6,914.35,7500,-1,9375.0,StopLoss
MCX_Copper_5m_CCI_ADX_MFI_V28,2025-09-16 18:55:00,2025-09-16 23:01:00,MCX COPPER,917.75,915.4,7500,-1,17625.0,TimeExit
MCX_Copper_5m_CCI_ADX_MFI_V28,2025-09-17 13:10:00,2025-09-17 14:16:00,MCX COPPER,905.65,901.4,7500,-1,31875.0,StopLoss
MCX_Copper_5m_CCI_ADX_MFI_V28,2025-09-18 17:21:00,2025-09-18 23:00:00,MCX COPPER,904.95,902.6,7500,1,-17625.0,TimeExit
MCX_Copper_5m_CCI_ADX_MFI_V28,2025-09-22 11:20:00,2025-09-22 18:11:00,MCX COPPER,908.8,909.05,7500,1,1875.0,StopLoss
MCX_Copper_5m_CCI_ADX_MFI_V28,2025-09-24 20:25:00,2025-09-24 21:12:00,MCX COPPER,936.0,940.25,7500,1,31875.0,StopLoss
MCX_Copper_5m_CCI_ADX_MFI_V28,2025-09-25 22:45:00,2025-09-25 23:01:00,MCX COPPER,936.5,936.95,7500,-1,-3375.0,TimeExit
MCX_Copper_5m_CCI_ADX_MFI_V28,2025-09-26 14:46:00,2025-09-26 18:01:00,MCX COPPER,938.3,937.05,7500,-1,9375.0,StopLoss
MCX_Copper_5m_CCI_ADX_MFI_V28,2025-09-26 20:51:00,2025-09-26 23:00:00,MCX COPPER,938.75,939.5,7500,1,5625.0,TimeExit
MCX_Copper_5m_CCI_ADX_MFI_V28,2025-09-29 09:40:00,2025-09-29 12:03:00,MCX COPPER,946.3,946.55,7500,1,1875.0,StopLoss
MCX_Copper_5m_CCI_ADX_MFI_V28,2025-09-29 17:40:00,2025-09-29 20:25:00,MCX COPPER,949.2,959.45,7500,1,76875.0,StopLoss
MCX_Copper_5m_CCI_ADX_MFI_V28,2025-10-01 09:30:00,2025-10-01 12:10:00,MCX COPPER,950.8,950.55,7500,-1,1875.0,StopLoss
MCX_Copper_5m_CCI_ADX_MFI_V28,2025-10-01 18:05:00,2025-10-01 18:21:00,MCX COPPER,957.0,953.0,7500,1,-30000.0,StopLoss
MCX_Copper_5m_CCI_ADX_MFI_V28,2025-10-03 13:10:00,2025-10-03 14:42:00,MCX COPPER,974.9,977.15,7500,1,16875.0,StopLoss
MCX_Copper_5m_CCI_ADX_MFI_V28,2025-10-03 19:25:00,2025-10-03 19:44:00,MCX COPPER,983.7,983.95,7500,1,1875.0,StopLoss
MCX_Copper_5m_CCI_ADX_MFI_V28,2025-10-03 20:50:00,2025-10-03 21:10:00,MCX COPPER,988.75,991.0,7500,1,16875.0,StopLoss
MCX_Copper_5m_CCI_ADX_MFI_V28,2025-10-06 11:00:00,2025-10-06 12:40:00,MCX COPPER,1000.05,996.8,7500,-1,24375.0,StopLoss
MCX_Copper_5m_CCI_ADX_MFI_V28,2025-10-07 09:05:00,2025-10-07 11:02:00,MCX COPPER,996.5,996.25,7500,-1,1875.0,StopLoss
MCX_Copper_5m_CCI_ADX_MFI_V28,2025-10-08 12:15:00,2025-10-08 13:26:00,MCX COPPER,999.9,1001.15,7500,1,9375.0,StopLoss
MCX_Copper_5m_CCI_ADX_MFI_V28,2025-10-08 16:30:00,2025-10-08 18:47:00,MCX COPPER,1003.65,999.65,7500,1,-30000.0,StopLoss
MCX_Copper_5m_CCI_ADX_MFI_V28,2025-10-08 21:55:00,2025-10-08 23:01:00,MCX COPPER,998.4,999.0,7500,1,4500.0,TimeExit
MCX_Copper_5m_CCI_ADX_MFI_V28,2025-10-09 18:50:00,2025-10-09 19:12:00,MCX COPPER,1024.4,1020.4,7500,1,-30000.0,StopLoss
MCX_Copper_5m_CCI_ADX_MFI_V28,2025-10-09 20:15:00,2025-10-09 22:14:00,MCX COPPER,1013.0,1010.75,7500,-1,16875.0,StopLoss
MCX_Copper_5m_CCI_ADX_MFI_V28,2025-10-10 15:50:00,2025-10-10 17:36:00,MCX COPPER,1005.3,1004.05,7500,-1,9375.0,StopLoss
MCX_Copper_5m_CCI_ADX_MFI_V28,2025-10-10 19:25:00,2025-10-10 20:29:00,MCX COPPER,1009.0,1005.0,7500,1,-30000.0,StopLoss
MCX_Copper_5m_CCI_ADX_MFI_V28,2025-10-14 09:30:00,2025-10-14 09:51:00,MCX COPPER,1008.5,1004.5,7500,1,-30000.0,StopLoss
MCX_Copper_5m_CCI_ADX_MFI_V28,2025-10-15 09:25:00,2025-10-15 10:52:00,MCX COPPER,991.6,995.6,7500,-1,-30000.0,StopLoss
MCX_Copper_5m_CCI_ADX_MFI_V28,2025-10-15 11:50:00,2025-10-15 14:33:00,MCX COPPER,998.75,994.75,7500,1,-30000.0,StopLoss
MCX_Copper_5m_CCI_ADX_MFI_V28,2025-10-15 18:05:00,2025-10-15 18:45:00,MCX COPPER,994.35,994.1,7500,-1,1875.0,StopLoss
MCX_Copper_5m_CCI_ADX_MFI_V28,2025-10-15 21:40:00,2025-10-15 23:00:00,MCX COPPER,991.55,991.65,7500,-1,-750.0,TimeExit
MCX_Copper_5m_CCI_ADX_MFI_V28,2025-10-16 10:15:00,2025-10-16 23:00:00,MCX COPPER,994.15,993.7,7500,1,-3375.0,TimeExit
MCX_Copper_5m_CCI_ADX_MFI_V28,2025-10-17 09:30:00,2025-10-17 12:55:00,MCX COPPER,991.4,986.15,7500,-1,39375.0,StopLoss
MCX_Copper_5m_CCI_ADX_MFI_V28,2025-10-17 17:10:00,2025-10-17 17:32:00,MCX COPPER,990.45,986.45,7500,1,-30000.0,StopLoss
MCX_Copper_5m_CCI_ADX_MFI_V28,2025-10-21 14:20:00,2025-10-21 14:44:00,MCX COPPER,983.0,983.35,7500,-1,-2625.0,TimeExit
MCX_Copper_5m_CCI_ADX_MFI_V28,2025-10-24 12:36:00,2025-10-24 13:35:00,MCX COPPER,997.0,993.0,7500,1,-30000.0,StopLoss
MCX_Copper_5m_CCI_ADX_MFI_V28,2025-10-24 19:05:00,2025-10-24 21:32:00,MCX COPPER,993.6,995.85,7500,1,16875.0,StopLoss
MCX_Copper_5m_CCI_ADX_MFI_V28,2025-10-24 22:35:00,2025-10-24 23:00:00,MCX COPPER,995.1,995.1,7500,-1,-0.0,TimeExit
MCX_Copper_5m_CCI_ADX_MFI_V28,2025-10-27 09:35:00,2025-10-27 10:44:00,MCX COPPER,1009.5,1011.75,7500,1,16875.0,StopLoss
MCX_Copper_5m_CCI_ADX_MFI_V28,2025-10-27 14:55:00,2025-10-27 20:12:00,MCX COPPER,1010.6,1008.35,7500,-1,16875.0,StopLoss
MCX_Copper_5m_CCI_ADX_MFI_V28,2025-10-27 22:00:00,2025-10-27 23:00:00,MCX COPPER,1010.0,1010.45,7500,1,3375.0,TimeExit
MCX_Copper_5m_CCI_ADX_MFI_V28,2025-10-28 15:35:00,2025-10-28 16:34:00,MCX COPPER,1003.85,1006.1,7500,1,16875.0,StopLoss
MCX_Copper_5m_CCI_ADX_MFI_V28,2025-10-28 16:41:00,2025-10-28 20:46:00,MCX COPPER,1005.25,1009.5,7500,1,31875.0,StopLoss
MCX_Copper_5m_CCI_ADX_MFI_V28,2025-10-29 09:41:00,2025-10-29 12:27:00,MCX COPPER,1011.25,1017.5,7500,1,46875.0,StopLoss
MCX_Copper_5m_CCI_ADX_MFI_V28,2025-10-29 12:30:00,2025-10-29 18:46:00,MCX COPPER,1017.6,1017.85,7500,1,1875.0,StopLoss
MCX_Copper_5m_CCI_ADX_MFI_V28,2025-10-29 21:05:00,2025-10-29 23:00:00,MCX COPPER,1023.35,1021.35,7500,1,-15000.0,TimeExit
MCX_Copper_5m_CCI_ADX_MFI_V28,2025-10-30 09:37:00,2025-10-30 10:07:00,MCX COPPER,1018.55,1016.3,7500,-1,16875.0,StopLoss
MCX_Copper_5m_CCI_ADX_MFI_V28,2025-10-30 20:35:00,2025-10-30 21:22:00,MCX COPPER,1007.55,1011.55,7500,-1,-30000.0,StopLoss
MCX_Copper_5m_CCI_ADX_MFI_V28,2025-10-31 19:25:00,2025-10-31 23:02:00,MCX COPPER,1010.95,1011.25,7500,-1,-2250.0,TimeExit
MCX_Copper_5m_CCI_ADX_MFI_V28,2025-11-04 09:30:00,2025-11-04 12:11:00,MCX COPPER,1004.45,1000.2,7500,-1,31875.0,StopLoss
MCX_Copper_5m_CCI_ADX_MFI_V28,2025-11-04 12:15:00,2025-11-04 13:07:00,MCX COPPER,1000.35,1000.1,7500,-1,1875.0,StopLoss
MCX_Copper_5m_CCI_ADX_MFI_V28,2025-11-07 11:20:00,2025-11-07 14:01:00,MCX COPPER,1002.05,1002.3,7500,1,1875.0,StopLoss
MCX_Copper_5m_CCI_ADX_MFI_V28,2025-11-07 14:21:00,2025-11-07 18:40:00,MCX COPPER,1002.8,1002.55,7500,-1,1875.0,StopLoss
MCX_Copper_5m_CCI_ADX_MFI_V28,2025-11-12 09:30:00,2025-11-12 15:41:00,MCX COPPER,1008.85,1009.1,7500,1,1875.0,StopLoss
MCX_Copper_5m_CCI_ADX_MFI_V28,2025-11-13 09:50:00,2025-11-13 15:01:00,MCX COPPER,1017.35,1017.6,7500,1,1875.0,StopLoss
MCX_Copper_5m_CCI_ADX_MFI_V28,2025-11-13 16:45:00,2025-11-13 19:26:00,MCX COPPER,1016.5,1020.5,7500,-1,-30000.0,StopLoss
MCX_Copper_5m_CCI_ADX_MFI_V28,2025-11-13 19:40:00,2025-11-13 22:41:00,MCX COPPER,1018.75,1014.75,7500,1,-30000.0,StopLoss
MCX_Copper_5m_CCI_ADX_MFI_V28,2025-11-14 11:05:00,2025-11-14 14:22:00,MCX COPPER,1011.1,1010.85,7500,-1,1875.0,StopLoss
MCX_Copper_5m_CCI_ADX_MFI_V28,2025-11-14 16:05:00,2025-11-14 18:47:00,MCX COPPER,1011.8,1007.8,7500,1,-30000.0,StopLoss
MCX_Copper_5m_CCI_ADX_MFI_V28,2025-11-14 19:30:00,2025-11-14 20:58:00,MCX COPPER,1001.95,1005.95,7500,-1,-30000.0,StopLoss
MCX_Copper_5m_CCI_ADX_MFI_V28,2025-11-14 22:15:00,2025-11-14 23:00:00,MCX COPPER,1010.2,1008.5,7500,1,-12750.0,TimeExit
MCX_Copper_5m_CCI_ADX_MFI_V28,2025-11-17 11:23:00,2025-11-17 20:02:00,MCX COPPER,1003.3,1003.05,7500,-1,1875.0,StopLoss
MCX_Copper_5m_CCI_ADX_MFI_V28,2025-11-18 10:45:00,2025-11-18 13:47:00,MCX COPPER,992.5,996.5,7500,-1,-30000.0,StopLoss
MCX_Copper_5m_CCI_ADX_MFI_V28,2025-11-18 14:20:00,2025-11-18 23:00:00,MCX COPPER,996.8,995.1,7500,1,-12750.0,TimeExit
MCX_Copper_5m_CCI_ADX_MFI_V28,2025-11-19 09:25:00,2025-11-19 17:29:00,MCX COPPER,997.05,1002.3,7500,1,39375.0,StopLoss
MCX_Copper_5m_CCI_ADX_MFI_V28,2025-11-21 12:00:00,2025-11-21 15:17:00,MCX COPPER,995.5,997.75,7500,1,16875.0,StopLoss
MCX_Copper_5m_CCI_ADX_MFI_V28,2025-11-21 18:30:00,2025-11-21 23:00:00,MCX COPPER,1001.45,1003.1,7500,1,12375.0,TimeExit
MCX_Copper_5m_CCI_ADX_MFI_V28,2025-11-24 14:40:00,2025-11-24 23:00:00,MCX COPPER,1009.35,1006.7,7500,1,-19875.0,TimeExit
MCX_Copper_5m_CCI_ADX_MFI_V28,2025-11-25 14:35:00,2025-11-25 18:36:00,MCX COPPER,1013.2,1017.2,7500,-1,-30000.0,StopLoss
MCX_Copper_5m_CCI_ADX_MFI_V28,2025-11-25 19:05:00,2025-11-25 20:13:00,MCX COPPER,1017.15,1013.15,7500,1,-30000.0,StopLoss
MCX_Copper_5m_CCI_ADX_MFI_V28,2025-11-27 19:00:00,2025-11-27 23:00:00,MCX COPPER,1019.0,1020.5,7500,-1,-11250.0,TimeExit
MCX_Copper_5m_CCI_ADX_MFI_V28,2025-11-28 12:25:00,2025-11-28 20:03:00,MCX COPPER,1023.8,1041.05,7500,1,129375.0,StopLoss
MCX_Copper_5m_CCI_ADX_MFI_V28,2025-12-02 15:35:00,2025-12-02 19:19:00,MCX COPPER,1049.75,1049.5,7500,-1,1875.0,StopLoss
MCX_Copper_5m_CCI_ADX_MFI_V28,2025-12-03 12:05:00,2025-12-03 15:43:00,MCX COPPER,1054.4,1069.65,7500,1,114375.0,StopLoss
MCX_Copper_5m_CCI_ADX_MFI_V28,2025-12-03 21:40:00,2025-12-03 22:26:00,MCX COPPER,1080.05,1076.05,7500,1,-30000.0,StopLoss
MCX_Copper_5m_CCI_ADX_MFI_V28,2025-12-04 19:50:00,2025-12-04 20:10:00,MCX COPPER,1073.5,1073.75,7500,1,1875.0,StopLoss
MCX_Copper_5m_CCI_ADX_MFI_V28,2025-12-08 15:00:00,2025-12-08 15:46:00,MCX COPPER,1098.55,1097.3,7500,-1,9375.0,StopLoss
MCX_Copper_5m_CCI_ADX_MFI_V28,2025-12-08 20:55:00,2025-12-08 21:50:00,MCX COPPER,1094.0,1092.75,7500,-1,9375.0,StopLoss
MCX_Copper_5m_CCI_ADX_MFI_V28,2025-12-09 20:00:00,2025-12-09 20:23:00,MCX COPPER,1079.8,1079.55,7500,-1,1875.0,StopLoss
MCX_Copper_5m_CCI_ADX_MFI_V28,2025-12-09 21:15:00,2025-12-09 23:00:00,MCX COPPER,1082.0,1080.3,7500,1,-12750.0,TimeExit
MCX_Copper_5m_CCI_ADX_MFI_V28,2025-12-10 16:05:00,2025-12-10 17:11:00,MCX COPPER,1091.4,1091.65,7500,1,1875.0,StopLoss
MCX_Copper_5m_CCI_ADX_MFI_V28,2025-12-10 20:20:00,2025-12-10 23:00:00,MCX COPPER,1085.5,1085.8,7500,-1,-2250.0,TimeExit
MCX_Copper_5m_CCI_ADX_MFI_V28,2025-12-11 12:00:00,2025-12-11 14:30:00,MCX COPPER,1092.7,1094.95,7500,1,16875.0,StopLoss
MCX_Copper_5m_CCI_ADX_MFI_V28,2025-12-11 18:20:00,2025-12-11 19:02:00,MCX COPPER,1099.25,1100.5,7500,1,9375.0,StopLoss
MCX_Copper_5m_CCI_ADX_MFI_V28,2025-12-11 22:00:00,2025-12-11 22:32:00,MCX COPPER,1108.55,1111.8,7500,1,24375.0,StopLoss
MCX_Copper_5m_CCI_ADX_MFI_V28,2025-12-12 09:35:00,2025-12-12 11:53:00,MCX COPPER,1112.05,1122.3,7500,1,76875.0,StopLoss
MCX_Copper_5m_CCI_ADX_MFI_V28,2025-12-12 19:25:00,2025-12-12 20:02:00,MCX COPPER,1119.75,1123.0,7500,1,24375.0,StopLoss
MCX_Copper_5m_CCI_ADX_MFI_V28,2025-12-15 17:45:00,2025-12-15 18:22:00,MCX COPPER,1111.3,1117.55,7500,1,46875.0,StopLoss
MCX_Copper_5m_CCI_ADX_MFI_V28,2025-12-15 18:40:00,2025-12-15 18:53:00,MCX COPPER,1117.7,1118.95,7500,1,9375.0,StopLoss
MCX_Copper_5m_CCI_ADX_MFI_V28,2025-12-16 09:25:00,2025-12-16 09:56:00,MCX COPPER,1104.0,1103.75,7500,-1,1875.0,StopLoss
MCX_Copper_5m_CCI_ADX_MFI_V28,2025-12-16 11:20:00,2025-12-16 11:42:00,MCX COPPER,1101.85,1105.85,7500,-1,-30000.0,StopLoss
MCX_Copper_5m_CCI_ADX_MFI_V28,2025-12-16 22:25:00,2025-12-16 23:00:00,MCX COPPER,1104.45,1107.3,7500,-1,-21375.0,TimeExit
MCX_Copper_5m_CCI_ADX_MFI_V28,2025-12-17 09:25:00,2025-12-17 10:58:00,MCX COPPER,1109.35,1113.6,7500,1,31875.0,StopLoss
MCX_Copper_5m_CCI_ADX_MFI_V28,2025-12-17 12:05:00,2025-12-17 14:09:00,MCX COPPER,1111.2,1109.95,7500,-1,9375.0,StopLoss
MCX_Copper_5m_CCI_ADX_MFI_V28,2025-12-17 15:55:00,2025-12-17 16:56:00,MCX COPPER,1111.0,1111.25,7500,1,1875.0,StopLoss
MCX_Copper_5m_CCI_ADX_MFI_V28,2025-12-17 19:40:00,2025-12-17 19:43:00,MCX COPPER,1114.55,1110.55,7500,1,-30000.0,StopLoss
MCX_Copper_5m_CCI_ADX_MFI_V28,2025-12-17 21:35:00,2025-12-17 23:00:00,MCX COPPER,1112.2,1111.6,7500,-1,4500.0,TimeExit
MCX_Copper_5m_CCI_ADX_MFI_V28,2025-12-18 09:30:00,2025-12-18 11:37:00,MCX COPPER,1110.9,1110.65,7500,-1,1875.0,StopLoss
MCX_Copper_5m_CCI_ADX_MFI_V28,2025-12-18 16:55:00,2025-12-18 19:26:00,MCX COPPER,1111.8,1114.05,7500,1,16875.0,StopLoss
MCX_Copper_5m_CCI_ADX_MFI_V28,2025-12-19 09:56:00,2025-12-19 12:12:00,MCX COPPER,1113.35,1115.6,7500,1,16875.0,StopLoss
MCX_Copper_5m_CCI_ADX_MFI_V28,2025-12-23 20:50:00,2025-12-23 20:54:00,MCX COPPER,1135.5,1134.25,7500,-1,9375.0,StopLoss
MCX_Copper_5m_CCI_ADX_MFI_V28,2025-12-26 13:45:00,2025-12-26 14:30:00,MCX COPPER,1243.0,1245.25,7500,1,16875.0,StopLoss
MCX_Copper_5m_CCI_ADX_MFI_V28,2025-12-29 12:45:00,2025-12-29 12:45:00,MCX COPPER,1327.0,1325.75,7500,-1,9375.0,StopLoss
MCX_Copper_5m_CCI_ADX_MFI_V28,2026-01-02 21:15:00,2026-01-02 21:15:00,MCX COPPER,1287.35,1287.1,7500,-1,1875.0,StopLoss
MCX_Copper_5m_CCI_ADX_MFI_V28,2026-01-05 12:05:00,2026-01-05 12:31:00,MCX COPPER,1306.6,1307.85,7500,1,9375.0,StopLoss
MCX_Copper_5m_CCI_ADX_MFI_V28,2026-01-05 15:35:00,2026-01-05 16:56:00,MCX COPPER,1306.4,1302.4,7500,1,-30000.0,StopLoss
MCX_Copper_5m_CCI_ADX_MFI_V28,2026-01-06 15:15:00,2026-01-06 15:24:00,MCX COPPER,1324.05,1321.8,7500,-1,16875.0,StopLoss
MCX_Copper_5m_CCI_ADX_MFI_V28,2026-01-06 17:30:00,2026-01-06 18:09:00,MCX COPPER,1325.05,1326.3,7500,1,9375.0,StopLoss
MCX_Copper_5m_CCI_ADX_MFI_V28,2026-01-06 21:10:00,2026-01-06 21:22:00,MCX COPPER,1331.9,1332.15,7500,1,1875.0,StopLoss
MCX_Copper_5m_CCI_ADX_MFI_V28,2026-01-08 11:30:00,2026-01-08 11:37:00,MCX COPPER,1280.35,1278.1,7500,-1,16875.0,StopLoss
MCX_Copper_5m_CCI_ADX_MFI_V28,2026-01-12 21:20:00,2026-01-12 21:54:00,MCX COPPER,1317.55,1318.8,7500,1,9375.0,StopLoss
MCX_Copper_5m_CCI_ADX_MFI_V28,2026-01-13 12:25:00,2026-01-13 12:29:00,MCX COPPER,1303.55,1300.3,7500,-1,24375.0,StopLoss
MCX_Copper_5m_CCI_ADX_MFI_V28,2026-01-13 14:15:00,2026-01-13 14:52:00,MCX COPPER,1310.8,1306.8,7500,1,-30000.0,StopLoss
MCX_Copper_5m_CCI_ADX_MFI_V28,2026-01-14 15:30:00,2026-01-14 17:42:00,MCX COPPER,1314.9,1318.9,7500,-1,-30000.0,StopLoss
MCX_Copper_5m_CCI_ADX_MFI_V28,2026-01-14 18:00:00,2026-01-14 19:01:00,MCX COPPER,1317.95,1313.95,7500,1,-30000.0,StopLoss
MCX_Copper_5m_CCI_ADX_MFI_V28,2026-01-15 17:05:00,2026-01-15 17:12:00,MCX COPPER,1310.75,1306.75,7500,1,-30000.0,StopLoss
MCX_Copper_5m_CCI_ADX_MFI_V28,2026-01-16 19:25:00,2026-01-16 20:37:00,MCX COPPER,1289.4,1293.4,7500,-1,-30000.0,StopLoss
MCX_Copper_5m_CCI_ADX_MFI_V28,2026-01-16 21:20:00,2026-01-16 23:00:00,MCX COPPER,1288.5,1288.7,7500,-1,-1500.0,TimeExit
MCX_Copper_5m_CCI_ADX_MFI_V28,2026-01-19 13:40:00,2026-01-19 15:41:00,MCX COPPER,1301.9,1300.65,7500,-1,9375.0,StopLoss
MCX_Copper_5m_CCI_ADX_MFI_V28,2026-01-20 13:01:00,2026-01-20 14:24:00,MCX COPPER,1294.8,1291.55,7500,-1,24375.0,StopLoss
MCX_Copper_5m_CCI_ADX_MFI_V28,2026-01-20 14:30:00,2026-01-20 14:39:00,MCX COPPER,1292.0,1284.75,7500,-1,54375.0,StopLoss
MCX_Copper_5m_CCI_ADX_MFI_V28,2026-01-21 09:25:00,2026-01-21 11:27:00,MCX COPPER,1287.15,1291.4,7500,1,31875.0,StopLoss
MCX_Copper_5m_CCI_ADX_MFI_V28,2026-01-21 21:10:00,2026-01-21 21:38:00,MCX COPPER,1287.85,1287.6,7500,-1,1875.0,StopLoss
MCX_Copper_5m_CCI_ADX_MFI_V28,2026-01-22 21:50:00,2026-01-22 22:02:00,MCX COPPER,1266.2,1266.45,7500,1,1875.0,StopLoss
MCX_Copper_5m_CCI_ADX_MFI_V28,2026-01-23 13:05:00,2026-01-23 13:47:00,MCX COPPER,1279.0,1278.75,7500,-1,1875.0,StopLoss
MCX_Copper_5m_CCI_ADX_MFI_V28,2026-01-23 18:40:00,2026-01-23 19:37:00,MCX COPPER,1286.0,1286.25,7500,1,1875.0,StopLoss
MCX_Copper_5m_CCI_ADX_MFI_V28,2026-01-27 09:35:00,2026-01-27 10:19:00,MCX COPPER,1316.75,1312.75,7500,1,-30000.0,StopLoss
MCX_Copper_5m_CCI_ADX_MFI_V28,2026-01-28 18:05:00,2026-01-28 22:29:00,MCX COPPER,1322.0,1319.75,7500,-1,16875.0,StopLoss
MCX_Copper_5m_CCI_ADX_MFI_V28,2026-01-28 22:30:00,2026-01-28 23:00:00,MCX COPPER,1319.8,1320.45,7500,-1,-4875.0,TimeExit
MCX_Copper_5m_CCI_ADX_MFI_V28,2026-01-30 19:35:00,2026-01-30 19:37:00,MCX COPPER,1346.4,1341.15,7500,-1,39375.0,StopLoss
MCX_Copper_5m_CCI_ADX_MFI_V28,2026-02-01 15:40:00,2026-02-01 15:44:00,MCX COPPER,1233.05,1237.05,7500,-1,-30000.0,StopLoss
MCX_Copper_5m_CCI_ADX_MFI_V28,2026-02-01 16:45:00,2026-02-01 16:54:00,MCX COPPER,1228.85,1232.85,7500,-1,-30000.0,StopLoss
MCX_Copper_5m_CCI_ADX_MFI_V28,2026-02-02 09:50:00,2026-02-02 09:50:00,MCX COPPER,1215.0,1214.75,7500,-1,1875.0,StopLoss
MCX_Copper_5m_CCI_ADX_MFI_V28,2026-02-02 11:35:00,2026-02-02 11:36:00,MCX COPPER,1203.15,1200.9,7500,-1,16875.0,StopLoss
MCX_Copper_5m_CCI_ADX_MFI_V28,2026-02-02 12:35:00,2026-02-02 12:36:00,MCX COPPER,1185.15,1184.9,7500,-1,1875.0,StopLoss
MCX_Copper_5m_CCI_ADX_MFI_V28,2026-02-03 09:05:00,2026-02-03 09:31:00,MCX COPPER,1243.5,1247.5,7500,-1,-30000.0,StopLoss
MCX_Copper_5m_CCI_ADX_MFI_V28,2026-02-03 22:25:00,2026-02-03 22:36:00,MCX COPPER,1287.25,1283.25,7500,1,-30000.0,StopLoss
MCX_Copper_5m_CCI_ADX_MFI_V28,2026-02-04 12:10:00,2026-02-04 12:17:00,MCX COPPER,1288.8,1292.8,7500,-1,-30000.0,StopLoss
MCX_Copper_5m_CCI_ADX_MFI_V28,2026-02-04 21:45:00,2026-02-04 21:50:00,MCX COPPER,1256.05,1253.8,7500,-1,16875.0,StopLoss
MCX_Copper_5m_CCI_ADX_MFI_V28,2026-02-04 22:35:00,2026-02-04 22:39:00,MCX COPPER,1252.0,1248.75,7500,-1,24375.0,StopLoss
MCX_Copper_5m_CCI_ADX_MFI_V28,2026-02-05 18:05:00,2026-02-05 18:20:00,MCX COPPER,1230.25,1227.0,7500,-1,24375.0,StopLoss
MCX_Copper_5m_CCI_ADX_MFI_V28,2026-02-05 21:40:00,2026-02-05 21:50:00,MCX COPPER,1218.0,1222.0,7500,-1,-30000.0,StopLoss
MCX_Copper_5m_CCI_ADX_MFI_V28,2026-02-06 09:25:00,2026-02-06 09:52:00,MCX COPPER,1221.6,1221.35,7500,-1,1875.0,StopLoss
MCX_Copper_5m_CCI_ADX_MFI_V28,2026-02-06 11:45:00,2026-02-06 12:08:00,MCX COPPER,1225.75,1221.75,7500,1,-30000.0,StopLoss
MCX_Copper_5m_CCI_ADX_MFI_V28,2026-02-09 12:40:00,2026-02-09 13:30:00,MCX COPPER,1250.0,1248.75,7500,-1,9375.0,StopLoss
MCX_Copper_5m_CCI_ADX_MFI_V28,2026-02-09 19:25:00,2026-02-09 20:09:00,MCX COPPER,1242.25,1246.25,7500,-1,-30000.0,StopLoss
MCX_Copper_5m_CCI_ADX_MFI_V28,2026-02-10 22:15:00,2026-02-10 23:00:00,MCX COPPER,1238.25,1239.05,7500,-1,-6000.0,TimeExit
MCX_Copper_5m_CCI_ADX_MFI_V28,2026-02-11 12:50:00,2026-02-11 16:07:00,MCX COPPER,1240.2,1255.45,7500,1,114375.0,StopLoss
MCX_Copper_5m_CCI_ADX_MFI_V28,2026-02-11 16:35:00,2026-02-11 16:42:00,MCX COPPER,1257.25,1259.5,7500,1,16875.0,StopLoss
MCX_Copper_5m_CCI_ADX_MFI_V28,2026-02-11 21:25:00,2026-02-11 21:41:00,MCX COPPER,1244.55,1244.3,7500,-1,1875.0,StopLoss
MCX_Copper_5m_CCI_ADX_MFI_V28,2026-02-12 18:45:00,2026-02-12 19:01:00,MCX COPPER,1249.05,1248.8,7500,-1,1875.0,StopLoss
MCX_Copper_5m_CCI_ADX_MFI_V28,2026-02-13 13:50:00,2026-02-13 14:32:00,MCX COPPER,1213.35,1209.35,7500,1,-30000.0,StopLoss
MCX_Copper_5m_CCI_ADX_MFI_V28,2026-02-13 14:55:00,2026-02-13 15:35:00,MCX COPPER,1211.0,1206.75,7500,-1,31875.0,StopLoss
MCX_Copper_5m_CCI_ADX_MFI_V28,2026-02-16 11:40:00,2026-02-16 12:17:00,MCX COPPER,1200.95,1203.2,7500,1,16875.0,StopLoss
MCX_Copper_5m_CCI_ADX_MFI_V28,2026-02-17 09:25:00,2026-02-17 09:47:00,MCX COPPER,1191.7,1190.45,7500,-1,9375.0,StopLoss
MCX_Copper_5m_CCI_ADX_MFI_V28,2026-02-18 11:55:00,2026-02-18 13:30:00,MCX COPPER,1165.1,1164.85,7500,-1,1875.0,StopLoss
MCX_Copper_5m_CCI_ADX_MFI_V28,2026-02-18 20:45:00,2026-02-18 22:16:00,MCX COPPER,1180.0,1182.25,7500,1,16875.0,StopLoss
MCX_Copper_5m_CCI_ADX_MFI_V28,2026-02-19 17:45:00,2026-02-19 17:46:00,MCX COPPER,1155.4,1153.15,7500,-1,16875.0,StopLoss
MCX_Copper_5m_CCI_ADX_MFI_V28,2026-02-23 21:50:00,2026-02-23 22:57:00,MCX COPPER,1198.5,1197.25,7500,-1,9375.0,StopLoss
MCX_Copper_5m_CCI_ADX_MFI_V28,2026-02-24 16:45:00,2026-02-24 17:25:00,MCX COPPER,1199.95,1196.7,7500,-1,24375.0,StopLoss
MCX_Copper_5m_CCI_ADX_MFI_V28,2026-02-25 09:35:00,2026-02-25 11:30:00,MCX COPPER,1202.45,1205.7,7500,1,24375.0,StopLoss
MCX_Copper_5m_CCI_ADX_MFI_V28,2026-02-25 19:00:00,2026-02-25 19:21:00,MCX COPPER,1210.0,1210.25,7500,1,1875.0,StopLoss
MCX_Copper_5m_CCI_ADX_MFI_V28,2026-02-26 11:30:00,2026-02-26 12:48:00,MCX COPPER,1209.6,1207.35,7500,-1,16875.0,StopLoss
MCX_Copper_5m_CCI_ADX_MFI_V28,2026-02-26 13:50:00,2026-02-26 14:04:00,MCX COPPER,1202.95,1199.7,7500,-1,24375.0,StopLoss
MCX_Copper_5m_CCI_ADX_MFI_V28,2026-02-26 14:15:00,2026-02-26 15:00:00,MCX COPPER,1201.0,1205.0,7500,-1,-30000.0,StopLoss
MCX_Copper_5m_CCI_ADX_MFI_V28,2026-03-02 20:15:00,2026-03-02 20:37:00,MCX COPPER,1218.1,1217.85,7500,-1,1875.0,StopLoss
MCX_Copper_5m_CCI_ADX_MFI_V28,2026-03-03 17:30:00,2026-03-03 17:35:00,MCX COPPER,1197.0,1195.75,7500,-1,9375.0,StopLoss
MCX_Copper_5m_CCI_ADX_MFI_V28,2026-03-04 16:30:00,2026-03-04 18:05:00,MCX COPPER,1211.05,1207.8,7500,-1,24375.0,StopLoss
MCX_Copper_5m_CCI_ADX_MFI_V28,2026-03-05 11:55:00,2026-03-05 13:53:00,MCX COPPER,1200.55,1198.3,7500,-1,16875.0,StopLoss
MCX_Copper_5m_CCI_ADX_MFI_V28,2026-03-05 19:05:00,2026-03-05 20:04:00,MCX COPPER,1196.0,1195.75,7500,-1,1875.0,StopLoss
MCX_Copper_5m_CCI_ADX_MFI_V28,2026-03-06 15:35:00,2026-03-06 17:41:00,MCX COPPER,1192.55,1191.3,7500,-1,9375.0,StopLoss
MCX_Copper_5m_CCI_ADX_MFI_V28,2026-03-09 09:05:00,2026-03-09 10:00:00,MCX COPPER,1187.45,1183.45,7500,1,-30000.0,StopLoss
MCX_Copper_5m_CCI_ADX_MFI_V28,2026-03-09 13:35:00,2026-03-09 20:32:00,MCX COPPER,1185.5,1189.5,7500,-1,-30000.0,StopLoss
MCX_Copper_5m_CCI_ADX_MFI_V28,2026-03-10 11:30:00,2026-03-10 13:20:00,MCX COPPER,1202.65,1206.65,7500,-1,-30000.0,StopLoss
MCX_Copper_5m_CCI_ADX_MFI_V28,2026-03-10 16:36:00,2026-03-10 17:10:00,MCX COPPER,1204.55,1204.3,7500,-1,1875.0,StopLoss
MCX_Copper_5m_CCI_ADX_MFI_V28,2026-03-11 11:40:00,2026-03-11 13:21:00,MCX COPPER,1208.35,1200.1,7500,-1,61875.0,StopLoss
MCX_Copper_5m_CCI_ADX_MFI_V28,2026-03-13 14:20:00,2026-03-13 14:33:00,MCX COPPER,1187.8,1191.8,7500,-1,-30000.0,StopLoss
MCX_Copper_5m_CCI_ADX_MFI_V28,2026-03-13 20:45:00,2026-03-13 22:02:00,MCX COPPER,1190.7,1187.45,7500,-1,24375.0,StopLoss
MCX_Copper_5m_CCI_ADX_MFI_V28,2026-03-16 18:15:00,2026-03-16 19:09:00,MCX COPPER,1178.25,1180.5,7500,1,16875.0,StopLoss
MCX_Copper_5m_CCI_ADX_MFI_V28,2026-03-16 20:30:00,2026-03-16 23:00:00,MCX COPPER,1180.5,1181.7,7500,-1,-9000.0,TimeExit
MCX_Copper_5m_CCI_ADX_MFI_V28,2026-03-17 10:35:00,2026-03-17 11:07:00,MCX COPPER,1183.75,1184.0,7500,1,1875.0,StopLoss
MCX_Copper_5m_CCI_ADX_MFI_V28,2026-03-17 15:00:00,2026-03-17 21:13:00,MCX COPPER,1176.2,1174.95,7500,-1,9375.0,StopLoss
MCX_Copper_5m_CCI_ADX_MFI_V28,2026-03-18 09:45:00,2026-03-18 11:13:00,MCX COPPER,1168.6,1168.35,7500,-1,1875.0,StopLoss
MCX_Copper_5m_CCI_ADX_MFI_V28,2026-03-18 15:40:00,2026-03-18 16:03:00,MCX COPPER,1169.55,1169.8,7500,1,1875.0,StopLoss
MCX_Copper_5m_CCI_ADX_MFI_V28,2026-03-18 19:15:00,2026-03-18 19:23:00,MCX COPPER,1151.8,1151.55,7500,-1,1875.0,StopLoss
MCX_Copper_5m_CCI_ADX_MFI_V28,2026-03-19 09:55:00,2026-03-19 10:23:00,MCX COPPER,1135.65,1139.65,7500,-1,-30000.0,StopLoss
MCX_Copper_5m_CCI_ADX_MFI_V28,2026-03-19 11:45:00,2026-03-19 11:56:00,MCX COPPER,1125.2,1120.95,7500,-1,31875.0,StopLoss
MCX_Copper_5m_CCI_ADX_MFI_V28,2026-03-19 12:35:00,2026-03-19 13:01:00,MCX COPPER,1112.75,1109.5,7500,-1,24375.0,StopLoss
MCX_Copper_5m_CCI_ADX_MFI_V28,2026-03-20 15:25:00,2026-03-20 15:36:00,MCX COPPER,1116.3,1116.05,7500,-1,1875.0,StopLoss
MCX_Copper_5m_CCI_ADX_MFI_V28,2026-03-20 19:10:00,2026-03-20 19:24:00,MCX COPPER,1111.3,1109.05,7500,-1,16875.0,StopLoss
MCX_Copper_5m_CCI_ADX_MFI_V28,2026-03-20 22:05:00,2026-03-20 22:19:00,MCX COPPER,1111.5,1107.5,7500,1,-30000.0,StopLoss
MCX_Copper_5m_CCI_ADX_MFI_V28,2026-03-23 11:55:00,2026-03-23 11:58:00,MCX COPPER,1081.15,1078.9,7500,-1,16875.0,StopLoss
MCX_Copper_5m_CCI_ADX_MFI_V28,2026-03-23 15:10:00,2026-03-23 15:21:00,MCX COPPER,1085.3,1085.55,7500,1,1875.0,StopLoss
MCX_Copper_5m_CCI_ADX_MFI_V28,2026-03-23 20:10:00,2026-03-23 20:15:00,MCX COPPER,1122.0,1123.25,7500,1,9375.0,StopLoss
MCX_Copper_5m_CCI_ADX_MFI_V28,2026-03-24 12:55:00,2026-03-24 14:04:00,MCX COPPER,1118.15,1114.15,7500,1,-30000.0,StopLoss
MCX_Copper_5m_CCI_ADX_MFI_V28,2026-03-24 20:50:00,2026-03-24 23:00:00,MCX COPPER,1121.7,1119.8,7500,1,-14250.0,TimeExit
MCX_Copper_5m_CCI_ADX_MFI_V28,2026-03-25 15:35:00,2026-03-25 16:46:00,MCX COPPER,1133.75,1137.75,7500,-1,-30000.0,StopLoss
MCX_Copper_5m_CCI_ADX_MFI_V28,2026-03-25 17:26:00,2026-03-25 17:53:00,MCX COPPER,1137.6,1137.85,7500,1,1875.0,StopLoss
MCX_Copper_5m_CCI_ADX_MFI_V28,2026-03-27 13:20:00,2026-03-27 14:59:00,MCX COPPER,1152.15,1150.9,7500,-1,9375.0,StopLoss
MCX_Copper_5m_CCI_ADX_MFI_V28,2026-03-30 14:25:00,2026-03-30 15:11:00,MCX COPPER,1155.3,1156.55,7500,1,9375.0,StopLoss
MCX_Copper_5m_CCI_ADX_MFI_V28,2026-03-30 17:50:00,2026-03-30 18:11:00,MCX COPPER,1156.25,1159.5,7500,1,24375.0,StopLoss
MCX_Copper_5m_CCI_ADX_MFI_V28,2026-03-30 18:30:00,2026-03-30 19:08:00,MCX COPPER,1158.6,1154.6,7500,1,-30000.0,StopLoss
MCX_Copper_5m_CCI_ADX_MFI_V28,2026-04-01 11:25:00,2026-04-01 13:02:00,MCX COPPER,1170.05,1166.05,7500,1,-30000.0,StopLoss
MCX_Copper_5m_CCI_ADX_MFI_V28,2026-04-02 09:50:00,2026-04-02 11:44:00,MCX COPPER,1149.6,1148.35,7500,-1,9375.0,StopLoss
MCX_Copper_5m_CCI_ADX_MFI_V28,2026-04-02 19:00:00,2026-04-02 19:20:00,MCX COPPER,1149.0,1153.0,7500,-1,-30000.0,StopLoss
MCX_Copper_5m_CCI_ADX_MFI_V28,2026-04-06 13:45:00,2026-04-06 14:55:00,MCX COPPER,1165.15,1169.4,7500,1,31875.0,StopLoss
MCX_Copper_5m_CCI_ADX_MFI_V28,2026-04-07 16:35:00,2026-04-07 18:23:00,MCX COPPER,1165.5,1162.25,7500,-1,24375.0,StopLoss
MCX_Copper_5m_CCI_ADX_MFI_V28,2026-04-07 20:00:00,2026-04-07 20:45:00,MCX COPPER,1158.3,1158.05,7500,-1,1875.0,StopLoss
MCX_Copper_5m_CCI_ADX_MFI_V28,2026-04-08 14:55:00,2026-04-08 20:17:00,MCX COPPER,1188.3,1184.3,7500,1,-30000.0,StopLoss
MCX_Copper_5m_CCI_ADX_MFI_V28,2026-04-10 11:20:00,2026-04-10 12:18:00,MCX COPPER,1198.2,1198.45,7500,1,1875.0,StopLoss
MCX_Copper_5m_CCI_ADX_MFI_V28,2026-04-10 17:55:00,2026-04-10 18:07:00,MCX COPPER,1206.95,1211.2,7500,1,31875.0,StopLoss
MCX_Copper_5m_CCI_ADX_MFI_V28,2026-04-14 20:55:00,2026-04-14 21:01:00,MCX COPPER,1270.0,1268.75,7500,-1,9375.0,StopLoss
MCX_Copper_5m_CCI_ADX_MFI_V28,2026-04-15 11:30:00,2026-04-15 12:34:00,MCX COPPER,1284.4,1279.15,7500,-1,39375.0,StopLoss
MCX_Copper_5m_CCI_ADX_MFI_V28,2026-04-16 13:05:00,2026-04-16 13:11:00,MCX COPPER,1278.45,1276.2,7500,-1,16875.0,StopLoss
MCX_Copper_5m_CCI_ADX_MFI_V28,2026-04-16 15:40:00,2026-04-16 16:09:00,MCX COPPER,1272.95,1272.7,7500,-1,1875.0,StopLoss
MCX_Copper_5m_CCI_ADX_MFI_V28,2026-04-17 14:45:00,2026-04-17 14:58:00,MCX COPPER,1271.6,1272.85,7500,1,9375.0,StopLoss
MCX_Copper_5m_CCI_ADX_MFI_V28,2026-04-21 09:25:00,2026-04-21 10:45:00,MCX COPPER,1268.75,1268.5,7500,-1,1875.0,StopLoss
MCX_Copper_5m_CCI_ADX_MFI_V28,2026-04-21 17:08:00,2026-04-21 20:22:00,MCX COPPER,1271.2,1269.95,7500,-1,9375.0,StopLoss
MCX_Copper_5m_CCI_ADX_MFI_V28,2026-04-21 21:20:00,2026-04-21 22:51:00,MCX COPPER,1268.4,1263.15,7500,-1,39375.0,StopLoss
MCX_Copper_5m_CCI_ADX_MFI_V28,2026-04-22 18:35:00,2026-04-22 19:40:00,MCX COPPER,1274.9,1278.9,7500,-1,-30000.0,StopLoss
MCX_Copper_5m_CCI_ADX_MFI_V28,2026-04-22 20:10:00,2026-04-22 21:03:00,MCX COPPER,1278.8,1281.05,7500,1,16875.0,StopLoss
MCX_Copper_5m_CCI_ADX_MFI_V28,2026-04-22 21:05:00,2026-04-22 21:55:00,MCX COPPER,1280.4,1282.65,7500,1,16875.0,StopLoss
MCX_Copper_5m_CCI_ADX_MFI_V28,2026-04-23 09:25:00,2026-04-23 09:46:00,MCX COPPER,1275.85,1279.85,7500,-1,-30000.0,StopLoss
MCX_Copper_5m_CCI_ADX_MFI_V28,2026-04-23 21:10:00,2026-04-23 22:43:00,MCX COPPER,1281.65,1277.65,7500,1,-30000.0,StopLoss
MCX_Copper_5m_CCI_ADX_MFI_V28,2026-04-24 19:35:00,2026-04-24 23:00:00,MCX COPPER,1277.8,1277.05,7500,1,-5625.0,TimeExit
MCX_Copper_5m_CCI_ADX_MFI_V28,2026-04-27 09:05:00,2026-04-27 09:38:00,MCX COPPER,1299.0,1303.0,7500,-1,-30000.0,StopLoss
MCX_Copper_5m_CCI_ADX_MFI_V28,2026-04-27 20:50:00,2026-04-27 23:00:00,MCX COPPER,1297.2,1296.65,7500,-1,4125.0,TimeExit
MCX_Copper_5m_CCI_ADX_MFI_V28,2026-04-28 11:30:00,2026-04-28 13:48:00,MCX COPPER,1291.75,1287.5,7500,-1,31875.0,StopLoss
MCX_Copper_5m_CCI_ADX_MFI_V28,2026-04-28 15:40:00,2026-04-28 17:10:00,MCX COPPER,1278.6,1268.35,7500,-1,76875.0,StopLoss
MCX_Copper_5m_CCI_ADX_MFI_V28,2026-04-28 17:35:00,2026-04-28 17:50:00,MCX COPPER,1269.5,1273.5,7500,-1,-30000.0,StopLoss
MCX_Copper_5m_CCI_ADX_MFI_V28,2026-05-05 13:25:00,2026-05-05 16:03:00,MCX COPPER,1283.9,1284.15,7500,1,1875.0,StopLoss
MCX_Copper_5m_CCI_ADX_MFI_V28,2026-05-05 18:35:00,2026-05-05 23:00:00,MCX COPPER,1286.2,1286.9,7500,-1,-5250.0,TimeExit
MCX_Copper_5m_CCI_ADX_MFI_V28,2026-05-06 20:15:00,2026-05-06 23:00:00,MCX COPPER,1308.0,1308.3,7500,1,2250.0,TimeExit
MCX_Copper_5m_CCI_ADX_MFI_V28,2026-05-07 11:30:00,2026-05-07 12:16:00,MCX COPPER,1311.95,1313.2,7500,1,9375.0,StopLoss
MCX_Copper_5m_CCI_ADX_MFI_V28,2026-05-07 18:35:00,2026-05-07 21:25:00,MCX COPPER,1312.8,1308.8,7500,1,-30000.0,StopLoss
MCX_Copper_5m_CCI_ADX_MFI_V28,2026-05-07 22:00:00,2026-05-07 23:00:00,MCX COPPER,1307.4,1303.55,7500,-1,28875.0,TimeExit
MCX_Copper_5m_CCI_ADX_MFI_V28,2026-05-11 17:25:00,2026-05-11 18:18:00,MCX COPPER,1347.35,1351.6,7500,1,31875.0,StopLoss
MCX_Copper_5m_CCI_ADX_MFI_V28,2026-05-13 09:25:00,2026-05-13 09:25:00,MCX COPPER,1403.35,1403.6,7500,1,1875.0,StopLoss
MCX_Copper_5m_CCI_ADX_MFI_V28,2026-05-13 13:45:00,2026-05-13 15:02:00,MCX COPPER,1403.6,1400.35,7500,-1,24375.0,StopLoss
MCX_Copper_5m_CCI_ADX_MFI_V28,2026-05-15 21:55:00,2026-05-15 23:00:00,MCX COPPER,1338.4,1340.55,7500,-1,-16125.0,TimeExit
MCX_Copper_5m_CCI_ADX_MFI_V28,2026-05-18 09:30:00,2026-05-18 10:00:00,MCX COPPER,1333.0,1330.75,7500,-1,16875.0,StopLoss
MCX_Copper_5m_CCI_ADX_MFI_V28,2026-05-18 18:25:00,2026-05-18 18:35:00,MCX COPPER,1345.15,1345.4,7500,1,1875.0,StopLoss
MCX_Copper_5m_CCI_ADX_MFI_V28,2026-05-18 19:40:00,2026-05-18 20:03:00,MCX COPPER,1351.9,1347.9,7500,1,-30000.0,StopLoss
MCX_Copper_5m_CCI_ADX_MFI_V28,2026-05-18 22:00:00,2026-05-18 23:00:00,MCX COPPER,1349.2,1348.5,7500,1,-5250.0,TimeExit
MCX_Copper_5m_CCI_ADX_MFI_V28,2026-05-19 10:15:00,2026-05-19 11:26:00,MCX COPPER,1341.0,1345.0,7500,-1,-30000.0,StopLoss
MCX_Copper_5m_CCI_ADX_MFI_V28,2026-05-20 20:40:00,2026-05-20 21:26:00,MCX COPPER,1352.05,1353.3,7500,1,9375.0,StopLoss
MCX_Copper_5m_CCI_ADX_MFI_V28,2026-05-21 09:40:00,2026-05-21 11:30:00,MCX COPPER,1351.0,1345.75,7500,-1,39375.0,StopLoss
MCX_Copper_5m_CCI_ADX_MFI_V28,2026-05-21 16:00:00,2026-05-21 18:49:00,MCX COPPER,1341.8,1337.8,7500,1,-30000.0,StopLoss
MCX_Copper_5m_CCI_ADX_MFI_V28,2026-05-21 21:50:00,2026-05-21 23:00:00,MCX COPPER,1342.35,1344.85,7500,1,18750.0,TimeExit
MCX_Copper_5m_CCI_ADX_MFI_V28,2026-05-22 13:20:00,2026-05-22 16:36:00,MCX COPPER,1348.4,1344.15,7500,-1,31875.0,StopLoss
MCX_Copper_5m_CCI_ADX_MFI_V28,2026-05-26 09:30:00,2026-05-26 10:59:00,MCX COPPER,1361.95,1361.7,7500,-1,1875.0,StopLoss
MCX_Copper_5m_CCI_ADX_MFI_V28,2026-05-26 15:30:00,2026-05-26 18:26:00,MCX COPPER,1360.3,1360.05,7500,-1,1875.0,StopLoss
MCX_Copper_5m_CCI_ADX_MFI_V28,2026-05-28 18:40:00,2026-05-28 20:45:00,MCX COPPER,1348.0,1355.25,7500,1,54375.0,StopLoss
MCX_Copper_5m_CCI_ADX_MFI_V28,2026-05-29 18:10:00,2026-05-29 20:05:00,MCX COPPER,1349.0,1347.75,7500,-1,9375.0,StopLoss
MCX_Copper_5m_CCI_ADX_MFI_V28,2026-05-29 20:25:00,2026-05-29 20:37:00,MCX COPPER,1347.3,1351.3,7500,-1,-30000.0,StopLoss
MCX_Copper_5m_CCI_ADX_MFI_V28,2026-05-29 20:55:00,2026-05-29 23:00:00,MCX COPPER,1350.8,1348.55,7500,1,-16875.0,TimeExit
MCX_Copper_5m_CCI_ADX_MFI_V28,2026-06-01 11:05:00,2026-06-01 13:30:00,MCX COPPER,1355.95,1360.2,7500,1,31875.0,StopLoss
MCX_Copper_5m_CCI_ADX_MFI_V28,2026-06-01 19:25:00,2026-06-01 20:02:00,MCX COPPER,1358.7,1362.7,7500,-1,-30000.0,StopLoss
MCX_Copper_5m_CCI_ADX_MFI_V28,2026-06-02 11:30:00,2026-06-02 13:01:00,MCX COPPER,1374.0,1375.25,7500,1,9375.0,StopLoss
MCX_Copper_5m_CCI_ADX_MFI_V28,2026-06-02 16:35:00,2026-06-02 17:28:00,MCX COPPER,1374.9,1379.15,7500,1,31875.0,StopLoss
MCX_Copper_5m_CCI_ADX_MFI_V28,2026-06-04 09:30:00,2026-06-04 11:42:00,MCX COPPER,1366.95,1364.7,7500,-1,16875.0,StopLoss
MCX_Copper_5m_CCI_ADX_MFI_V28,2026-06-04 15:40:00,2026-06-04 17:05:00,MCX COPPER,1372.0,1374.25,7500,1,16875.0,StopLoss
MCX_Copper_5m_CCI_ADX_MFI_V28,2026-06-04 17:10:00,2026-06-04 19:20:00,MCX COPPER,1374.25,1376.5,7500,1,16875.0,StopLoss
MCX_Copper_5m_CCI_ADX_MFI_V28,2026-06-05 18:05:00,2026-06-05 18:26:00,MCX COPPER,1357.8,1353.8,7500,1,-30000.0,StopLoss
MCX_Copper_5m_CCI_ADX_MFI_V28,2026-06-09 09:20:00,2026-06-09 10:30:00,MCX COPPER,1335.25,1339.25,7500,-1,-30000.0,StopLoss
MCX_Copper_5m_CCI_ADX_MFI_V28,2026-06-09 11:30:00,2026-06-09 12:03:00,MCX COPPER,1340.4,1340.65,7500,1,1875.0,StopLoss
MCX_Copper_5m_CCI_ADX_MFI_V28,2026-06-09 16:20:00,2026-06-09 18:49:00,MCX COPPER,1345.2,1346.45,7500,1,9375.0,StopLoss
MCX_Copper_5m_CCI_ADX_MFI_V28,2026-06-09 18:55:00,2026-06-09 19:11:00,MCX COPPER,1346.95,1342.95,7500,1,-30000.0,StopLoss
MCX_Copper_5m_CCI_ADX_MFI_V28,2026-06-10 14:15:00,2026-06-10 15:18:00,MCX COPPER,1316.4,1316.15,7500,-1,1875.0,StopLoss
MCX_Copper_5m_CCI_ADX_MFI_V28,2026-06-10 15:55:00,2026-06-10 16:51:00,MCX COPPER,1314.0,1312.75,7500,-1,9375.0,StopLoss
MCX_Copper_5m_CCI_ADX_MFI_V28,2026-06-10 19:35:00,2026-06-10 19:58:00,MCX COPPER,1323.45,1319.45,7500,1,-30000.0,StopLoss
MCX_Copper_5m_CCI_ADX_MFI_V28,2026-06-12 11:10:00,2026-06-12 12:46:00,MCX COPPER,1335.6,1331.6,7500,1,-30000.0,StopLoss
MCX_Copper_5m_CCI_ADX_MFI_V28,2026-06-15 09:30:00,2026-06-15 15:01:00,MCX COPPER,1345.3,1341.3,7500,1,-30000.0,StopLoss
MCX_Copper_5m_CCI_ADX_MFI_V28,2026-06-15 15:25:00,2026-06-15 15:42:00,MCX COPPER,1340.8,1339.55,7500,-1,9375.0,StopLoss
MCX_Copper_5m_CCI_ADX_MFI_V28,2026-06-15 20:05:00,2026-06-15 21:50:00,MCX COPPER,1340.6,1340.35,7500,-1,1875.0,StopLoss
MCX_Copper_5m_CCI_ADX_MFI_V28,2026-06-16 11:30:00,2026-06-16 12:23:00,MCX COPPER,1332.95,1331.7,7500,-1,9375.0,StopLoss
MCX_Copper_5m_CCI_ADX_MFI_V28,2026-06-16 19:00:00,2026-06-16 19:35:00,MCX COPPER,1337.8,1338.05,7500,1,1875.0,StopLoss
MCX_Copper_5m_CCI_ADX_MFI_V28,2026-06-17 13:25:00,2026-06-17 16:35:00,MCX COPPER,1339.05,1341.3,7500,1,16875.0,StopLoss
MCX_Copper_5m_CCI_ADX_MFI_V28,2026-06-17 22:15:00,2026-06-17 23:00:00,MCX COPPER,1337.9,1337.7,7500,1,-1500.0,TimeExit
MCX_Copper_5m_CCI_ADX_MFI_V28,2026-06-18 09:30:00,2026-06-18 10:06:00,MCX COPPER,1328.45,1326.2,7500,-1,16875.0,StopLoss
MCX_Copper_5m_CCI_ADX_MFI_V28,2026-06-18 19:15:00,2026-06-18 23:00:00,MCX COPPER,1325.6,1322.7,7500,1,-21750.0,TimeExit
MCX_Copper_5m_CCI_ADX_MFI_V28,2026-06-19 10:45:00,2026-06-19 11:17:00,MCX COPPER,1302.45,1306.45,7500,-1,-30000.0,StopLoss
MCX_Copper_5m_CCI_ADX_MFI_V28,2026-06-19 17:15:00,2026-06-19 18:14:00,MCX COPPER,1310.3,1310.05,7500,-1,1875.0,StopLoss
MCX_Copper_5m_CCI_ADX_MFI_V28,2026-06-19 22:15:00,2026-06-19 23:00:00,MCX COPPER,1310.8,1310.55,7500,1,-1875.0,TimeExit
MCX_Copper_5m_CCI_ADX_MFI_V28,2026-06-22 09:05:00,2026-06-22 09:33:00,MCX COPPER,1311.45,1311.2,7500,-1,1875.0,StopLoss
MCX_Copper_5m_CCI_ADX_MFI_V28,2026-06-22 13:20:00,2026-06-22 21:09:00,MCX COPPER,1319.75,1315.75,7500,1,-30000.0,StopLoss
MCX_Copper_5m_CCI_ADX_MFI_V28,2026-06-23 13:45:00,2026-06-23 16:40:00,MCX COPPER,1296.25,1294.0,7500,-1,16875.0,StopLoss
MCX_Copper_5m_CCI_ADX_MFI_V28,2026-06-23 18:15:00,2026-06-23 22:42:00,MCX COPPER,1290.3,1277.05,7500,-1,99375.0,StopLoss
MCX_Copper_5m_CCI_ADX_MFI_V28,2026-06-24 13:15:00,2026-06-24 14:43:00,MCX COPPER,1273.6,1272.35,7500,-1,9375.0,StopLoss
MCX_Copper_5m_CCI_ADX_MFI_V28,2026-06-24 22:05:00,2026-06-24 22:20:00,MCX COPPER,1231.0,1229.75,7500,-1,9375.0,StopLoss
MCX_Copper_5m_CCI_ADX_MFI_V28,2026-06-25 16:05:00,2026-06-25 17:01:00,MCX COPPER,1244.3,1239.05,7500,-1,39375.0,StopLoss
MCX_Copper_5m_CCI_ADX_MFI_V28,2026-06-25 17:05:00,2026-06-25 17:29:00,MCX COPPER,1239.05,1243.05,7500,-1,-30000.0,StopLoss
